encoder,opn,pre_type,use_static,use_cl,gpu,datetime,pre_weight,train_len,test_len,temperature,lr,n_hidden,filter_MRR,filter_H@1,filter_H@3,filter_H@10,filter_inv_MRR,filter_inv_H@1,filter_inv_H@3,filter_inv_H@10,all_MRR,all_H@1,all_H@3,all_H@10,filter_all_MRR,filter_all_H@1,filter_all_H@3,filter_all_H@10
uvrgcn,sub,all,True,False,0,2024-06-16 13:38:00.963610,0.9,7,7,0.03,0.001,200,0.43923017382621765,0.3146113157272339,0.5006105303764343,0.6855244040489197,0.39642664790153503,0.26929861307144165,0.4554334580898285,0.658933699131012,0.4091130495071411,0.2817121297121048,0.4699498116970062,0.6685660183429718,0.41782841086387634,0.29195496439933777,0.4780219942331314,0.6722290515899658
uvrgcn,sub,all,True,False,0,2024-06-16 14:18:13.916024,0.9,7,7,0.03,0.001,200,0.4658752381801605,0.3483923673629761,0.5231311917304993,0.7009903788566589,0.43335530161857605,0.31379732489585876,0.4928775131702423,0.6748067140579224,0.4397842288017273,0.3181386739015579,0.5002713650465012,0.6846425533294678,0.4496152698993683,0.3310948461294174,0.5080043524503708,0.6878985464572906
uvrgcn,sub,all,True,False,0,2024-06-18 15:15:16.510750,0.9,7,7,0.03,0.001,200,0.4658752381801605,0.3483923673629761,0.5231311917304993,0.7009903788566589,0.43335530161857605,0.31379732489585876,0.4928775131702423,0.6748067140579224,0.4397842288017273,0.3181386739015579,0.5002713650465012,0.6846425533294678,0.4496152698993683,0.3310948461294174,0.5080043524503708,0.6878985464572906
uvrgcn,sub,all,True,False,0,2024-06-18 15:38:00.469037,0.9,7,7,0.03,0.001,200,0.46912050247192383,0.3521910309791565,0.5289648771286011,0.6971917152404785,0.43242761492729187,0.31216931343078613,0.492199182510376,0.6685660481452942,0.440369576215744,0.31793516874313354,0.5031203478574753,0.6809116899967194,0.45077407360076904,0.3321801722049713,0.5105820298194885,0.6828788816928864
uvrgcn,sub,all,True,False,0,2024-06-19 17:19:30.646724,0.9,7,7,0.03,0.001,200,0.46758314967155457,0.3500203490257263,0.5291005373001099,0.6981413960456848,0.4339272379875183,0.31203365325927734,0.4950481653213501,0.6725003719329834,0.44044122099876404,0.3175959885120392,0.5029168426990509,0.68192920088768,0.45075517892837524,0.33102700114250183,0.51207435131073,0.6853208839893341
uvrgcn,sub,all,True,False,0,2024-06-25 12:48:12.286729,0.9,7,7,0.03,0.001,200,0.4843069314956665,0.36955639719963074,0.5442952513694763,0.7037037014961243,0.4464987516403198,0.32885634899139404,0.5049518346786499,0.6757563948631287,0.4544741213321686,0.3344186693429947,0.5163478553295135,0.6870167255401611,0.46540284156799316,0.3492063730955124,0.5246235430240631,0.6897300481796265
uvrgcn,sub,all,True,False,0,2024-06-25 14:27:01.285369,0.9,7,7,0.03,0.001,200,0.479597806930542,0.36670738458633423,0.5396825671195984,0.6990910768508911,0.44166791439056396,0.32695701718330383,0.4972188472747803,0.6707366704940796,0.4494627118110657,0.331501841545105,0.5101750493049622,0.682539701461792,0.460632860660553,0.34683220088481903,0.5184507071971893,0.6849138736724854
uvrgcn,sub,all,True,False,0,2024-06-26 10:39:37.628452,0.9,7,7,0.03,0.001,200,0.4844800531864166,0.3698277175426483,0.5432099103927612,0.7031610608100891,0.4484882354736328,0.33401167392730713,0.5065798759460449,0.6748067140579224,0.45538729429244995,0.3374033570289612,0.5167548656463623,0.6860670447349548,0.4664841294288635,0.3519196957349777,0.5248948931694031,0.6889838874340057
uvrgcn,sub,all,True,False,0,2024-06-26 12:01:43.785477,0.9,7,7,0.03,0.001,200,0.49252548813819885,0.3778320550918579,0.5574548840522766,0.71075838804245,0.45557457208633423,0.3399810194969177,0.5164835453033447,0.6787410378456116,0.4628859758377075,0.3441866934299469,0.5274046957492828,0.6914937198162079,0.47405004501342773,0.3589065372943878,0.5369692146778107,0.6947497129440308
uvrgcn,sub,all,True,False,0,2024-06-26 14:20:13.943377,0.9,7,7,0.03,0.001,200,0.4848126769065857,0.37430471181869507,0.5347985625267029,0.7023470401763916,0.44591113924980164,0.33075568079948425,0.5033238530158997,0.6701940298080444,0.45414453744888306,0.3372676819562912,0.5115995407104492,0.6834893822669983,0.46536189317703247,0.35253019630908966,0.5190612077713013,0.686270534992218
uvrgcn,sub,all,True,False,0,2024-06-26 15:22:02.257378,0.9,7,7,0.03,0.001,200,0.4821047782897949,0.369149386882782,0.5406322479248047,0.6951566934585571,0.4456339180469513,0.3304843306541443,0.5022385120391846,0.672093391418457,0.4525361657142639,0.3342151790857315,0.5126170367002487,0.6811152100563049,0.4638693332672119,0.34981685876846313,0.5214353799819946,0.6836250424385071
uvrgcn,sub,all,True,False,0,2024-06-26 21:14:29.302607,0.9,7,7,0.03,0.001,200,0.4863748550415039,0.37430471181869507,0.544023871421814,0.7042464017868042,0.4504130184650421,0.3342830240726471,0.5111925005912781,0.6741283535957336,0.45674288272857666,0.33767467737197876,0.5193325579166412,0.6861348748207092,0.4683939218521118,0.3542938679456711,0.527608186006546,0.6891873776912689
uvrgcn,sub,all,True,False,0,2024-06-26 22:10:00.042555,0.9,7,7,0.03,0.001,200,0.4883669316768646,0.37552571296691895,0.5472798943519592,0.7095373868942261,0.45269837975502014,0.3399810194969177,0.5068511962890625,0.6757563948631287,0.4589717388153076,0.34188035130500793,0.517772376537323,0.6897978782653809,0.4705326557159424,0.35775336623191833,0.5270655453205109,0.6926468908786774
uvrgcn,sub,all,True,False,0,2024-06-26 22:52:36.831276,0.9,7,7,0.03,0.001,200,0.47749170660972595,0.3620947003364563,0.5354768633842468,0.7058743834495544,0.44335439801216125,0.32682132720947266,0.499660849571228,0.6739926934242249,0.44936978816986084,0.329195499420166,0.5099715143442154,0.6863383650779724,0.4604230523109436,0.3444580137729645,0.5175688564777374,0.6899335384368896
uvrgcn,sub,all,True,False,0,2024-06-26 23:34:07.275406,0.9,7,7,0.03,0.001,200,0.48670879006385803,0.3749830424785614,0.5434812307357788,0.7076380848884583,0.4461577236652374,0.33102700114250183,0.5022385120391846,0.6760277152061462,0.45499086380004883,0.33686068654060364,0.5147876888513565,0.6892552375793457,0.46643325686454773,0.3530050218105316,0.5228598713874817,0.6918329000473022
uvrgcn,sub,all,True,False,0,2024-06-27 09:31:43.312246,0.9,7,7,0.03,0.001,200,0.49090197682380676,0.37932440638542175,0.5480939149856567,0.7079094052314758,0.45162779092788696,0.3341473340988159,0.5139058828353882,0.6834893822669983,0.46005651354789734,0.3414733558893204,0.5227242112159729,0.6927825510501862,0.47126489877700806,0.35673587024211884,0.5309998989105225,0.6956993937492371
uvrgcn,sub,all,True,False,0,2024-06-27 10:36:55.653243,0.9,7,7,0.03,0.001,200,0.4790017902851105,0.37023472785949707,0.5330348610877991,0.6955637335777283,0.4444248378276825,0.3304843306541443,0.501967191696167,0.6685660481452942,0.44994133710861206,0.3334690183401108,0.5107855349779129,0.6788766980171204,0.4617133140563965,0.3503595292568207,0.517501026391983,0.6820648908615112
uvrgcn,sub,all,True,False,0,2024-06-27 11:14:47.538755,0.9,7,7,0.03,0.001,200,0.4844396710395813,0.3707773983478546,0.5421245694160461,0.7072310447692871,0.44345128536224365,0.32668566703796387,0.5033238530158997,0.6710080504417419,0.45302441716194153,0.33387599885463715,0.5143128633499146,0.6864061951637268,0.4639454782009125,0.34873153269290924,0.5227242112159729,0.6891195476055145
uvrgcn,sub,all,True,False,0,2024-07-01 16:56:46.734553,0.9,7,7,0.03,0.001,200,0.4831424355506897,0.3699633777141571,0.5409035682678223,0.7064170837402344,0.4480897784233093,0.333197683095932,0.5097001791000366,0.6741283535957336,0.45452776551246643,0.3360466808080673,0.5156695544719696,0.6872202157974243,0.4656161069869995,0.35158053040504456,0.5253018736839294,0.690272718667984
uvrgcn,sub,all,True,False,0,2024-07-03 14:19:34.705775,0.9,7,7,0.03,0.001,200,0.4873111844062805,0.3757970631122589,0.5432099103927612,0.7075024247169495,0.44839349389076233,0.33374035358428955,0.503730833530426,0.6754850149154663,0.45680487155914307,0.3395061790943146,0.5153982043266296,0.6891195476055145,0.4678523540496826,0.35476870834827423,0.5234703719615936,0.6914937198162079
uvrgcn,sub,all,True,False,0,2024-07-08 15:29:35.535642,0.9,7,7,0.03,0.001,200,0.4867320954799652,0.37145572900772095,0.5470085740089417,0.711843729019165,0.44871214032173157,0.3325193524360657,0.5068511962890625,0.6791480183601379,0.4563646614551544,0.3363858461380005,0.5179758667945862,0.6927825510501862,0.4677221179008484,0.3519875407218933,0.5269298851490021,0.6954958736896515
uvrgcn,sub,all,True,False,0,2024-07-08 16:22:09.164358,0.9,7,7,0.03,0.001,200,0.4870827794075012,0.3767467141151428,0.5411748886108398,0.7068240642547607,0.4486044645309448,0.3333333432674408,0.5044091939926147,0.6741283535957336,0.4564474821090698,0.3392348438501358,0.514380693435669,0.6878985464572906,0.467843621969223,0.3550400286912918,0.5227920413017273,0.6904762089252472
uvrgcn,sub,all,True,False,0,2024-07-09 13:15:20.658542,0.9,7,7,0.03,0.001,200,0.487341046333313,0.37240538001060486,0.5487722158432007,0.7096730470657349,0.4514997899532318,0.33848869800567627,0.5046805143356323,0.6772487163543701,0.45785075426101685,0.339234858751297,0.5195360332727432,0.6900013983249664,0.4694204330444336,0.35544703900814056,0.5267263650894165,0.6934608817100525
uvrgcn,sub,all,True,False,0,2024-07-10 14:26:04.288807,0.9,7,7,0.03,0.001,200,0.47246482968330383,0.3572106957435608,0.5315425395965576,0.6965134143829346,0.4330768883228302,0.31786733865737915,0.48745083808898926,0.6665310263633728,0.4427346885204315,0.32383666932582855,0.5021706819534302,0.6783340573310852,0.452770859003067,0.33753901720046997,0.5094966888427734,0.6815222203731537
uvrgcn,sub,all,True,False,0,2024-07-10 15:27:18.679903,0.9,7,7,0.03,0.001,200,0.4915621876716614,0.37525439262390137,0.5555555820465088,0.7133360505104065,0.4575815796852112,0.3432370126247406,0.5148555040359497,0.6841676831245422,0.4635040760040283,0.3443223536014557,0.525573194026947,0.6956315338611603,0.4745718836784363,0.359245702624321,0.5352055430412292,0.6987518668174744
uvrgcn,sub,all,True,False,0,2024-07-10 16:23:10.909047,0.9,7,7,0.03,0.001,200,0.4888477921485901,0.3759327232837677,0.5475512146949768,0.7096730470657349,0.4521412253379822,0.3361823558807373,0.5109211802482605,0.680776059627533,0.45920008420944214,0.34052368998527527,0.5200108587741852,0.6919007003307343,0.47049450874328613,0.3560575395822525,0.5292361974716187,0.6952245533466339
uvrgcn,sub,all,True,False,0,2024-07-10 17:26:15.372124,0.9,7,7,0.03,0.001,200,0.48230698704719543,0.36562204360961914,0.5442952513694763,0.71075838804245,0.44958174228668213,0.335232675075531,0.5052232146263123,0.6790123581886292,0.454990029335022,0.33584319055080414,0.5150590240955353,0.6928503811359406,0.4659443497657776,0.3504273593425751,0.5247592329978943,0.6948853731155396
uvrgcn,sub,all,True,False,0,2024-07-12 09:52:31.046288,0.9,7,7,0.03,0.001,200,0.4919726252555847,0.380952388048172,0.549043595790863,0.7051960825920105,0.45427805185317993,0.33970969915390015,0.5113282203674316,0.680233359336853,0.4607539176940918,0.34283001720905304,0.5225206911563873,0.690001368522644,0.4731253385543823,0.36033104360103607,0.5301859080791473,0.6927147209644318
uvrgcn,sub,all,True,False,0,2024-07-12 11:25:00.668761,0.9,7,7,0.03,0.001,200,0.48807042837142944,0.37728938460350037,0.5432099103927612,0.7012616991996765,0.4469717741012573,0.33089134097099304,0.5057658553123474,0.6764346957206726,0.4561285972595215,0.33787818253040314,0.5172296911478043,0.6857278943061829,0.4675211012363434,0.3540903627872467,0.5244878828525543,0.6888481974601746
uvrgcn,sub,all,True,False,0,2024-07-12 12:22:12.638455,0.9,7,7,0.03,0.001,200,0.49035027623176575,0.3779677152633667,0.5501288771629333,0.7068240642547607,0.4511450529098511,0.3380816876888275,0.5057658553123474,0.6773843765258789,0.4592128396034241,0.3422873616218567,0.5188577175140381,0.688848227262497,0.4707476496696472,0.3580247014760971,0.5279473662376404,0.6921042203903198
uvrgcn,sub,all,True,False,0,2024-07-12 13:05:36.572220,0.9,7,7,0.03,0.001,200,0.4884607791900635,0.3756614029407501,0.5487722158432007,0.7011260390281677,0.45163825154304504,0.3374033570289612,0.5084791779518127,0.6764346957206726,0.4585595726966858,0.34052368998527527,0.5196038633584976,0.6860670447349548,0.47004950046539307,0.35653237998485565,0.5286256968975067,0.6887803673744202
uvrgcn,sub,all,True,False,0,2024-07-12 14:07:02.143044,0.9,7,7,0.03,0.001,200,0.486868679523468,0.37742504477500916,0.541039228439331,0.7011260390281677,0.44584643840789795,0.33170533180236816,0.5041378736495972,0.6748067140579224,0.45537084341049194,0.3395061790943146,0.5146520286798477,0.6862027049064636,0.466357558965683,0.35456518828868866,0.5225885510444641,0.687966376543045
uvrgcn,sub,all,True,False,0,2024-07-15 13:56:45.169239,0.9,14,14,0.03,0.001,200,0.4739490747451782,0.36345136165618896,0.5267941951751709,0.6975986957550049,0.4379536509513855,0.3223443329334259,0.4957265257835388,0.668159008026123,0.4447177052497864,0.32709266245365143,0.5038665235042572,0.680165559053421,0.45595136284828186,0.34289784729480743,0.5112603604793549,0.682878851890564
uvrgcn,sub,all,True,False,0,2024-07-15 15:13:24.510029,0.9,7,7,0.03,0.001,200,0.4806651771068573,0.37050604820251465,0.5333062410354614,0.6977344155311584,0.4462755024433136,0.3333333432674408,0.5025098323822021,0.6693800091743469,0.4521918296813965,0.33652152121067047,0.5098358541727066,0.680776059627533,0.46347033977508545,0.3519196957349777,0.5179080367088318,0.6835572123527527
uvrgcn,sub,all,True,False,0,2024-07-23 12:06:14.844759,0.9,7,7,0.03,0.001,200,0.4806651771068573,0.37050604820251465,0.5333062410354614,0.6977344155311584,0.4462755024433136,0.3333333432674408,0.5025098323822021,0.6693800091743469,0.4521918296813965,0.33652152121067047,0.5098358541727066,0.680776059627533,0.46347033977508545,0.3519196957349777,0.5179080367088318,0.6835572123527527
uvrgcn,sub,all,True,False,0,2024-07-23 14:30:32.830237,0.9,7,7,0.03,0.001,200,0.4806651771068573,0.37050604820251465,0.5333062410354614,0.6977344155311584,0.4462755024433136,0.3333333432674408,0.5025098323822021,0.6693800091743469,0.4521918296813965,0.33652152121067047,0.5098358541727066,0.680776059627533,0.46347033977508545,0.3519196957349777,0.5179080367088318,0.6835572123527527
uvrgcn,sub,all,True,False,0,2024-07-23 15:02:15.634627,0.9,3,3,0.03,0.001,200,0.4904947876930237,0.37837472558021545,0.5525708794593811,0.7085877060890198,0.45312222838401794,0.3382173478603363,0.5090218782424927,0.6822683811187744,0.46071603894233704,0.343304842710495,0.5229277014732361,0.6917650401592255,0.4718084931373596,0.3582960367202759,0.5307963788509369,0.6954280436038971
uvrgcn,sub,all,True,False,0,2024-07-24 11:40:12.730055,0.9,5,5,0.03,0.001,200,0.4751144349575043,0.36060237884521484,0.5330348610877991,0.6955637335777283,0.44722414016723633,0.33292633295059204,0.5045448541641235,0.6730430126190186,0.4494190514087677,0.32987384498119354,0.5109212100505829,0.6813187003135681,0.4611693024635315,0.34676435589790344,0.5187898576259613,0.6843033730983734
uvrgcn,sub,all,True,False,0,2024-07-24 12:47:23.798952,0.9,5,5,0.03,0.001,200,0.48641419410705566,0.3707773983478546,0.5513498783111572,0.7075024247169495,0.4539058804512024,0.3391670286655426,0.5149912238121033,0.6741283535957336,0.45838069915771484,0.3384886831045151,0.5242165327072144,0.6881020367145538,0.47016003727912903,0.3549722135066986,0.5331705510616302,0.6908153891563416
uvrgcn,sub,all,True,False,0,2024-07-24 16:41:17.413093,0.9,7,7,0.03,0.001,200,0.49101439118385315,0.3770180642604828,0.5508072376251221,0.7110297083854675,0.45379477739334106,0.3403880298137665,0.5098358392715454,0.6787410378456116,0.4610493779182434,0.3430335223674774,0.5228598713874817,0.692579060792923,0.4724045991897583,0.35870304703712463,0.5303215384483337,0.6948853731155396
uvrgcn,sub,all,True,False,0,2024-07-25 12:19:32.353028,0.9,7,7,0.03,0.001,200,0.4864496886730194,0.3751187324523926,0.5461945533752441,0.7012616991996765,0.4515080749988556,0.3401166796684265,0.5061728358268738,0.6729073524475098,0.4576722979545593,0.3420838564634323,0.5175688862800598,0.6843033730983734,0.4689788818359375,0.35761770606040955,0.526183694601059,0.6870845258235931
uvrgcn,sub,all,True,False,0,2024-07-25 13:15:46.648458,0.9,7,7,0.03,0.001,200,0.4903324246406555,0.37823906540870667,0.5495862364768982,0.7047890424728394,0.44801658391952515,0.33265501260757446,0.505358874797821,0.678469717502594,0.457747220993042,0.33970968425273895,0.5181793570518494,0.6887803673744202,0.46917450428009033,0.35544703900814056,0.5274725556373596,0.6916293799877167
uvrgcn,sub,all,True,False,0,2024-07-25 13:46:06.715130,0.9,7,7,0.03,0.001,200,0.4796837568283081,0.3620947003364563,0.5425315499305725,0.7089947462081909,0.44065770506858826,0.31963101029396057,0.501967191696167,0.6790123581886292,0.44936084747314453,0.32600733637809753,0.5151268541812897,0.6911545395851135,0.4601707458496094,0.34086285531520844,0.5222493708133698,0.69400355219841
uvrgcn,sub,all,True,False,0,2024-07-25 15:22:49.678251,0.9,7,7,0.03,0.001,200,0.4879194498062134,0.37647539377212524,0.5468729138374329,0.7039750814437866,0.45140936970710754,0.3371320068836212,0.5098358392715454,0.6786053776741028,0.458182156085968,0.3409985303878784,0.5204178690910339,0.6884412169456482,0.46966439485549927,0.35680370032787323,0.5283543765544891,0.6912902295589447
uvrgcn,sub,all,True,False,0,2024-07-25 17:29:58.841185,0.9,7,7,0.03,0.001,200,0.488362580537796,0.3820377290248871,0.5395469069480896,0.6981413960456848,0.44908156991004944,0.33482569456100464,0.5067155361175537,0.6745353937149048,0.4576265215873718,0.3433726876974106,0.5143128782510757,0.6828788816928864,0.46872207522392273,0.35843171179294586,0.5231312215328217,0.6863383948802948
uvrgcn,sub,all,True,False,0,2024-08-08 07:53:50.081796,0.9,7,7,0.03,0.001,200,0.4846765697002411,0.3721340596675873,0.5413105487823486,0.7075024247169495,0.44686633348464966,0.3302130103111267,0.5071225166320801,0.6729073524475098,0.4546722173690796,0.3360466808080673,0.5158051997423172,0.6874915361404419,0.4657714366912842,0.351173534989357,0.5242165327072144,0.6902048885822296
uvrgcn,sub,all,True,False,0,2024-08-08 10:02:48.909909,0.9,7,7,0.03,0.001,200,0.4907049834728241,0.3787817358970642,0.5466015934944153,0.7096730470657349,0.45629528164863586,0.3424230217933655,0.5122778415679932,0.6790123581886292,0.4615367650985718,0.3440510183572769,0.5202143788337708,0.6916293799877167,0.47350013256073,0.36060237884521484,0.5294397175312042,0.694342702627182
uvrgcn,sub,all,True,False,0,2024-09-08 21:49:59.911338,0.9,7,7,0.03,0.001,200,0.4878734350204468,0.3781034052371979,0.5437525510787964,0.700312077999115,0.4474540650844574,0.33672502636909485,0.499660849571228,0.6685660481452942,0.4566795825958252,0.3414055109024048,0.5149233639240265,0.6822683811187744,0.4676637649536133,0.35741421580314636,0.5217067003250122,0.6844390630722046
uvrgcn,sub,all,True,False,0,2024-09-09 19:05:36.731931,0.9,3,3,0.03,0.001,200,0.4908064007759094,0.37959572672843933,0.5445665717124939,0.7070953845977783,0.45203226804733276,0.3374033570289612,0.5118708610534668,0.6776556968688965,0.4594767689704895,0.3413376808166504,0.5207570493221283,0.6900013983249664,0.4714193344116211,0.35849954187870026,0.5282187163829803,0.6923755407333374
uvrgcn,sub,all,True,False,0,2024-09-10 17:32:33.070207,0.9,3,3,0.03,0.001,200,0.4919513463973999,0.3808167278766632,0.5506715774536133,0.7041107416152954,0.45622581243515015,0.3433727025985718,0.5133631825447083,0.6762990355491638,0.46225476264953613,0.34547552466392517,0.5235382318496704,0.6881020367145538,0.474088579416275,0.3620947152376175,0.5320173799991608,0.6902048885822296
uvrgcn,sub,all,True,False,0,2024-09-10 18:10:59.503203,0.9,7,7,0.03,0.001,200,0.48932141065597534,0.3741690516471863,0.5509428977966309,0.7075024247169495,0.45071548223495483,0.33360469341278076,0.5115995407104492,0.6787410378456116,0.45874476432800293,0.3389635235071182,0.5216388702392578,0.6904083788394928,0.4700184464454651,0.3538868725299835,0.53127121925354,0.6931217312812805
uvrgcn,sub,all,True,False,0,2024-09-10 19:18:52.329795,0.9,7,7,0.03,0.001,200,0.47763288021087646,0.36643603444099426,0.5319495797157288,0.6944783926010132,0.44204995036125183,0.32763534784317017,0.49843984842300415,0.6676163673400879,0.44866466522216797,0.33177317678928375,0.5081400275230408,0.6780627071857452,0.45984143018722534,0.3470356911420822,0.5151947140693665,0.6810473799705505
uvrgcn,sub,all,True,False,0,2024-09-10 20:17:16.038015,0.9,3,3,0.03,0.001,200,0.4945068955421448,0.3821733891963959,0.5544702410697937,0.7106227278709412,0.46045735478401184,0.3479853570461273,0.5163478851318359,0.6836250424385071,0.4657478928565979,0.349002867937088,0.5262515544891357,0.6940713822841644,0.4774821400642395,0.3650793731212616,0.5354090631008148,0.6971238851547241
uvrgcn,sub,all,True,False,0,2024-09-10 21:19:10.992350,0.9,7,7,0.03,0.001,200,0.4862593710422516,0.37430471181869507,0.5432099103927612,0.7064170837402344,0.44573912024497986,0.3302130103111267,0.5012888312339783,0.6743996739387512,0.4549829363822937,0.33774250745773315,0.5128883570432663,0.6876950263977051,0.4659992456436157,0.3522588610649109,0.5222493708133698,0.6904083788394928
uvrgcn,sub,all,True,False,0,2024-09-10 22:02:08.450482,0.9,3,3,0.03,0.001,200,0.4915395677089691,0.37959572672843933,0.5489078760147095,0.711843729019165,0.4553714096546173,0.3413376808166504,0.5097001791000366,0.6843034029006958,0.4618419408798218,0.3439153581857681,0.5212318599224091,0.6951567232608795,0.4734554886817932,0.36046670377254486,0.529304027557373,0.6980735659599304
uvrgcn,sub,all,False,False,0,2024-09-11 08:14:33.734306,0.9,7,7,0.03,0.001,200,0.4720091223716736,0.36467236280441284,0.5236738920211792,0.6851173639297485,0.43616950511932373,0.3273639976978302,0.4869081676006317,0.6554063558578491,0.44253963232040405,0.3300773352384567,0.49633701145648956,0.6671415269374847,0.45408931374549866,0.3460181802511215,0.5052910298109055,0.6702618598937988
uvrgcn,sub,all,False,False,0,2024-09-17 14:14:04.556052,0.9,3,3,0.03,0.001,200,0.4714265465736389,0.366843044757843,0.5239452123641968,0.6739926934242249,0.43026039004325867,0.31895264983177185,0.48731517791748047,0.6448243260383606,0.43865978717803955,0.3253968358039856,0.49769367277622223,0.6562203466892242,0.4508434534072876,0.34289784729480743,0.5056301951408386,0.6594085097312927
uvrgcn,sub,all,False,False,0,2024-09-17 15:11:38.127401,0.9,3,3,0.03,0.001,200,0.47423088550567627,0.36562204360961914,0.5323565602302551,0.682539701461792,0.4400474727153778,0.33292633295059204,0.4950481653213501,0.649165689945221,0.4454176723957062,0.3325193524360657,0.5056301802396774,0.6634785234928131,0.45713919401168823,0.3492741882801056,0.5137023627758026,0.6658526957035065
uvrgcn,sub,all,False,False,0,2024-09-17 16:07:18.494819,0.9,7,7,0.03,0.001,200,0.4653485417366028,0.35856735706329346,0.5204178690910339,0.6699227094650269,0.42128023505210876,0.31176233291625977,0.4729344844818115,0.637091338634491,0.4320799708366394,0.3192918449640274,0.48860400915145874,0.6509293615818024,0.4433143734931946,0.3351648449897766,0.49667617678642273,0.6535070240497589
uvrgcn,sub,all,False,False,0,2024-09-30 11:46:21.136234,0.9,7,7,0.03,0.001,200,0.46759966015815735,0.3608736991882324,0.5239452123641968,0.6787410378456116,0.42703887820243835,0.317731648683548,0.48270249366760254,0.644553005695343,0.4364433288574219,0.3243793398141861,0.49464118480682373,0.6592728495597839,0.44731926918029785,0.3393026739358902,0.5033238530158997,0.6616470217704773
uvrgcn,sub,all,False,False,0,2024-09-30 13:07:57.809745,0.9,7,7,0.03,0.001,200,0.47818076610565186,0.3738977313041687,0.53127121925354,0.6824040412902832,0.43765395879745483,0.331162691116333,0.4862298369407654,0.6494370102882385,0.44584667682647705,0.3350970149040222,0.5010853409767151,0.6628680229187012,0.45791736245155334,0.35253021121025085,0.5087505280971527,0.6659205257892609
uvrgcn,sub,all,False,False,0,2024-09-30 14:16:33.669474,0.9,7,7,0.03,0.001,200,0.472272664308548,0.36250171065330505,0.5309998989105225,0.6837607026100159,0.43401598930358887,0.3242436647415161,0.48731517791748047,0.653235673904419,0.44126105308532715,0.32675351202487946,0.5004748553037643,0.6661918461322784,0.4531443119049072,0.3433726876974106,0.5091575384140015,0.6684981882572174
uvrgcn,sub,all,False,False,0,2024-10-03 10:59:41.585966,0.9,7,7,0.03,0.001,200,0.47420239448547363,0.366843044757843,0.5304571986198425,0.680776059627533,0.43615883588790894,0.32777100801467896,0.4858228266239166,0.6524216532707214,0.44337642192840576,0.3302130103111267,0.5006783455610275,0.6642925143241882,0.4551806151866913,0.347307026386261,0.5081400126218796,0.6665988564491272
uvrgcn,sub,all,False,False,0,2024-10-07 13:17:05.763844,0.9,7,7,0.03,0.001,200,0.4760044813156128,0.37050604820251465,0.5289648771286011,0.6824040412902832,0.4410816431045532,0.33265501260757446,0.49559083580970764,0.6531000137329102,0.44668060541152954,0.33475784957408905,0.5048161894083023,0.6646316647529602,0.458543062210083,0.35158053040504456,0.5122778564691544,0.6677520275115967
uvrgcn,sub,all,True,False,0,2024-10-07 15:43:15.887659,0.9,7,7,0.03,0.001,200,0.48202183842658997,0.37240538001060486,0.539275586605072,0.6925790309906006,0.45210233330726624,0.3410663604736328,0.5071225166320801,0.6697870492935181,0.45561158657073975,0.3409985154867172,0.5139736980199814,0.6786053776741028,0.4670620858669281,0.35673587024211884,0.523199051618576,0.6811830401420593
uvrgcn,sub,all,True,False,0,2024-10-09 11:35:42.676027,0.9,7,7,0.03,0.001,200,0.4865952432155609,0.37851038575172424,0.5432099103927612,0.6984127163887024,0.44918695092201233,0.3374033570289612,0.5048161745071411,0.670465350151062,0.4559723138809204,0.34086284041404724,0.5170262008905411,0.6811152100563049,0.4678910970687866,0.3579568713903427,0.5240130424499512,0.6844390332698822
uvrgcn,sub,all,True,False,0,2024-10-09 12:58:58.216848,0.9,7,7,0.03,0.001,200,0.48714080452919006,0.3718627095222473,0.5505359172821045,0.710080087184906,0.4549978971481323,0.3383530080318451,0.5160765051841736,0.6838963627815247,0.45929110050201416,0.3393026888370514,0.5229277014732361,0.6940713822841644,0.4710693359375,0.3551078587770462,0.533306211233139,0.6969882249832153
uvrgcn,sub,all,True,False,0,2024-10-09 15:48:59.569491,0.9,7,7,0.03,0.001,200,0.4906436800956726,0.38353005051612854,0.5419889092445374,0.7046533823013306,0.45058172941207886,0.3383530080318451,0.5082078576087952,0.6733143925666809,0.458898663520813,0.34472934901714325,0.5171618759632111,0.6857278943061829,0.47061270475387573,0.3609415292739868,0.5250983834266663,0.6889838874340057
uvrgcn,sub,all,True,False,0,2024-10-10 10:32:54.524164,0.9,7,7,0.03,0.001,200,0.4875727891921997,0.3751187324523926,0.5459232330322266,0.7085877060890198,0.45078256726264954,0.3364536762237549,0.5045448541641235,0.6781983971595764,0.45760786533355713,0.33970968425273895,0.5172296911478043,0.6911545395851135,0.4691776633262634,0.35578620433807373,0.525234043598175,0.6933930516242981
uvrgcn,sub,all,True,False,0,2024-10-14 12:10:07.465153,0.9,7,7,0.03,0.001,200,0.4875727891921997,0.3751187324523926,0.5459232330322266,0.7085877060890198,0.45078256726264954,0.3364536762237549,0.5045448541641235,0.6781983971595764,0.45760786533355713,0.33970968425273895,0.5172296911478043,0.6911545395851135,0.4691776633262634,0.35578620433807373,0.525234043598175,0.6933930516242981
uvrgcn,sub,all,True,False,0,2024-10-14 12:37:01.581403,0.9,7,7,0.03,0.001,200,0.4875727891921997,0.3751187324523926,0.5459232330322266,0.7085877060890198,0.45078256726264954,0.3364536762237549,0.5045448541641235,0.6781983971595764,0.45760786533355713,0.33970968425273895,0.5172296911478043,0.6911545395851135,0.4691776633262634,0.35578620433807373,0.525234043598175,0.6933930516242981
uvrgcn,sub,all,True,False,0,2024-10-14 17:32:43.124477,0.9,7,7,0.03,0.001,200,0.48833414912223816,0.3756614029407501,0.545651912689209,0.7080450654029846,0.4505160450935364,0.3330620229244232,0.512413501739502,0.6814543604850769,0.4587186872959137,0.3400488495826721,0.5202821791172028,0.6910867094993591,0.4694250822067261,0.35436171293258667,0.5290327072143555,0.6947497129440308
uvrgcn,sub,all,True,False,0,2024-10-15 11:29:35.232435,0.9,7,7,0.03,0.001,200,0.4886154532432556,0.3729480504989624,0.5522995591163635,0.7111654281616211,0.45181217789649963,0.3361823558807373,0.5067155361175537,0.6777913570404053,0.4585247039794922,0.3380816876888275,0.521638885140419,0.691968560218811,0.4702138304710388,0.35456520318984985,0.5295075476169586,0.6944783926010132
uvrgcn,sub,all,True,False,0,2024-10-16 11:01:23.132611,0.9,7,7,0.03,0.001,200,0.48355019092559814,0.3729480504989624,0.5402252078056335,0.6944783926010132,0.4470917880535126,0.3330620229244232,0.5030525326728821,0.6712793707847595,0.4540634751319885,0.33679284155368805,0.5133631974458694,0.6799620389938354,0.46532100439071655,0.3530050367116928,0.5216388702392578,0.6828788816928864
uvrgcn,sub,all,True,False,0,2024-10-16 14:58:06.858227,0.9,7,7,0.03,0.001,200,0.4924977421760559,0.3839370608329773,0.5452448725700378,0.7079094052314758,0.45204848051071167,0.3383530080318451,0.50766521692276,0.676841676235199,0.46083658933639526,0.3452041894197464,0.5183828622102737,0.6893230378627777,0.4722731113433838,0.3611450344324112,0.5264550447463989,0.6923755407333374
uvrgcn,sub,all,True,False,0,2024-10-17 09:41:46.109167,0.9,7,7,0.03,0.001,200,0.4845982491970062,0.37226971983909607,0.544023871421814,0.7030254006385803,0.44837018847465515,0.3344186842441559,0.5030525326728821,0.6750780344009399,0.4550093114376068,0.3371320217847824,0.5158052146434784,0.6860670447349548,0.4664842188358307,0.353344202041626,0.523538202047348,0.6890517175197601
uvrgcn,sub,all,True,False,0,2024-10-17 13:34:41.815245,0.9,7,7,0.03,0.001,200,0.4820455014705658,0.37321940064430237,0.5369692444801331,0.6961063742637634,0.44352594017982483,0.3295346796512604,0.5048161745071411,0.6655813455581665,0.4520490765571594,0.33672501146793365,0.5119387060403824,0.6778592169284821,0.4627857208251953,0.35137704014778137,0.5208927094936371,0.680843859910965
uvrgcn,sub,all,True,False,0,2024-10-20 14:47:03.194030,0.9,7,7,0.03,0.001,200,0.4836982488632202,0.37132003903388977,0.5403608679771423,0.7027540802955627,0.4455047845840454,0.33170533180236816,0.49857550859451294,0.6743996739387512,0.4537022113800049,0.33679284155368805,0.5103785246610641,0.6862027049064636,0.4646015167236328,0.35151268541812897,0.5194681882858276,0.688576877117157
uvrgcn,sub,all,True,False,0,2024-10-20 17:44:18.597689,0.9,7,7,0.03,0.001,200,0.48586517572402954,0.3726767301559448,0.5457875728607178,0.702075719833374,0.44729095697402954,0.32994168996810913,0.5069868564605713,0.6745353937149048,0.4551537334918976,0.3360466808080673,0.5175688862800598,0.6861348748207092,0.46657806634902954,0.351309210062027,0.5263872146606445,0.6883055567741394
uvrgcn,sub,all,True,False,0,2024-10-20 19:29:35.803110,0.9,7,7,0.03,0.001,200,0.481506884098053,0.37064170837402344,0.5352055430412292,0.7000406980514526,0.44268864393234253,0.3284493386745453,0.499660849571228,0.6684303879737854,0.45108336210250854,0.3345543444156647,0.5092932134866714,0.6812508702278137,0.46209776401519775,0.34954552352428436,0.5174331963062286,0.684235543012619
uvrgcn,sub,all,True,False,0,2024-10-28 22:32:33.215541,0.9,7,7,0.03,0.001,200,0.4892257750034332,0.3779677152633667,0.5502645969390869,0.7045177221298218,0.4514358639717102,0.3383530080318451,0.5064442157745361,0.6730430126190186,0.4590865969657898,0.34255868196487427,0.5191290378570557,0.6859992146492004,0.4703308343887329,0.3581603616476059,0.5283544063568115,0.6887803673744202
uvrgcn,sub,all,True,False,0,2024-10-29 11:25:57.680786,0.9,3,3,0.03,0.001,200,0.49948737025260925,0.3870573937892914,0.5607109069824219,0.7188984155654907,0.4580826759338379,0.34174469113349915,0.5187898874282837,0.6895943880081177,0.4668900668621063,0.34784969687461853,0.5310676991939545,0.7011938989162445,0.47878503799438477,0.36440104246139526,0.5397503972053528,0.7042464017868042
uvrgcn,sub,all,True,False,0,2024-10-29 12:04:28.050954,0.9,3,3,0.03,0.001,200,0.49208128452301025,0.37661105394363403,0.5550128817558289,0.7103514075279236,0.460420161485672,0.345272034406662,0.5196038484573364,0.681861400604248,0.4646316170692444,0.345000684261322,0.5279473662376404,0.6938000619411469,0.47625070810317993,0.360941544175148,0.5373083651065826,0.6961064040660858
uvrgcn,sub,all,True,False,0,2024-10-29 16:39:12.428930,0.9,3,3,0.03,0.001,200,0.4870309829711914,0.37525439262390137,0.5461945533752441,0.702618420124054,0.45371317863464355,0.3410663604736328,0.512413501739502,0.6703296899795532,0.4588479995727539,0.34188035130500793,0.5201465487480164,0.6843033730983734,0.4703720808029175,0.3581603765487671,0.529304027557373,0.6864740550518036
uvrgcn,sub,all,True,False,0,2024-10-30 10:48:27.216893,0.9,3,3,0.03,0.001,200,0.4924668073654175,0.37946006655693054,0.549721896648407,0.7149640917778015,0.4558747112751007,0.33957400918006897,0.5122778415679932,0.6864740252494812,0.4625247120857239,0.3435083478689194,0.5236060321331024,0.6974630355834961,0.4741707444190979,0.35951703786849976,0.5309998691082001,0.7007190585136414
uvrgcn,sub,all,True,False,0,2024-10-30 11:46:02.313571,0.9,3,3,0.03,0.001,200,0.4893377721309662,0.3717270493507385,0.557183563709259,0.7076380848884583,0.4515385031700134,0.33197668194770813,0.5153982043266296,0.6833537220954895,0.4589235186576843,0.3364536762237549,0.525844544172287,0.692579060792923,0.4704381227493286,0.3518518656492233,0.5362908840179443,0.6954959034919739
uvrgcn,sub,all,True,False,0,2024-10-30 12:48:32.076796,0.9,3,3,0.03,0.001,200,0.4968791604042053,0.3885497450828552,0.5522995591163635,0.7075024247169495,0.4614730179309845,0.35151270031929016,0.5166192054748535,0.681861400604248,0.4671878516674042,0.3531406968832016,0.5253697037696838,0.6916972100734711,0.4791761040687561,0.3700312227010727,0.5344593822956085,0.6946819126605988
uvrgcn,sub,all,True,False,0,2024-10-30 13:44:15.868276,0.9,3,3,0.03,0.001,200,0.48832279443740845,0.3737620413303375,0.5504002571105957,0.7111654281616211,0.4519600570201874,0.3344186842441559,0.512413501739502,0.6787410378456116,0.4587208032608032,0.3381495177745819,0.5219780206680298,0.6919007003307343,0.4701414108276367,0.3540903627872467,0.5314068794250488,0.6949532330036163
uvrgcn,sub,all,True,False,0,2024-10-30 14:49:17.473105,0.9,7,7,0.03,0.001,200,0.47974029183387756,0.36847105622291565,0.5345272421836853,0.7000406980514526,0.4412180781364441,0.32668566703796387,0.4978971779346466,0.6701940298080444,0.44968181848526,0.3325193375349045,0.5084113776683807,0.6827431917190552,0.460479199886322,0.34757836163043976,0.516212210059166,0.6851173639297485
uvrgcn,sub,all,True,False,0,2024-10-30 15:35:04.794972,0.9,3,3,0.03,0.001,200,0.4995590150356293,0.39044907689094543,0.5546059012413025,0.7138787508010864,0.46082934737205505,0.3459503650665283,0.5167548656463623,0.6841676831245422,0.46772515773773193,0.35063086450099945,0.5269298851490021,0.6959028840065002,0.48019418120384216,0.3681997209787369,0.5356803834438324,0.6990232169628143
uvrgcn,sub,all,True,False,0,2024-10-31 11:23:41.144815,0.9,3,3,0.03,0.001,200,0.4998529255390167,0.3867860734462738,0.5624746084213257,0.7146927118301392,0.46176818013191223,0.347307026386261,0.5202822089195251,0.6815900206565857,0.46859854459762573,0.34968118369579315,0.5324922204017639,0.6947497129440308,0.4808105528354645,0.3670465499162674,0.5413784086704254,0.6981413662433624
uvrgcn,sub,all,True,False,0,2024-10-31 12:22:58.607129,0.9,3,3,0.03,0.001,200,0.4953193664550781,0.3847510516643524,0.5529779195785522,0.7087234258651733,0.46257704496383667,0.3509700298309326,0.5187898874282837,0.6803690195083618,0.4668932855129242,0.3511056900024414,0.5260480344295502,0.6915615499019623,0.4789482057094574,0.3678605407476425,0.535883903503418,0.6945462226867676
uvrgcn,sub,all,True,False,0,2024-10-31 13:56:00.563869,0.9,3,3,0.03,0.001,200,0.48939594626426697,0.37864604592323303,0.5478225946426392,0.7041107416152954,0.45370298624038696,0.33984535932540894,0.5087504982948303,0.6758920550346375,0.46007388830184937,0.34283001720905304,0.5200108885765076,0.6877628862857819,0.47154945135116577,0.359245702624321,0.5282865464687347,0.6900013983249664
uvrgcn,sub,all,True,False,0,2024-10-31 17:40:45.806262,0.9,3,3,0.03,0.001,200,0.49037885665893555,0.3776963949203491,0.5502645969390869,0.7094017267227173,0.4506274163722992,0.33577534556388855,0.5103785395622253,0.6788766980171204,0.459026962518692,0.34086285531520844,0.5210961997509003,0.6906796991825104,0.47050315141677856,0.35673587024211884,0.5303215682506561,0.6941392123699188
uvrgcn,sub,all,True,False,0,2024-10-31 18:52:09.830692,0.9,3,3,0.03,0.001,200,0.49100661277770996,0.37633973360061646,0.552028238773346,0.712386429309845,0.4497622549533844,0.3300773501396179,0.5097001791000366,0.680233359336853,0.45875751972198486,0.3371320068836212,0.5214353799819946,0.6932573914527893,0.470384418964386,0.3532085418701172,0.5308642089366913,0.696309894323349
uvrgcn,sub,all,True,False,0,2024-11-01 13:13:08.244540,0.9,3,3,0.03,0.001,200,0.50279700756073,0.3916700780391693,0.5623388886451721,0.7168633937835693,0.4658060073852539,0.3511056900024414,0.5243521928787231,0.6881020665168762,0.47240906953811646,0.3553113639354706,0.5350020527839661,0.6994302272796631,0.48430150747299194,0.37138788402080536,0.5433455407619476,0.7024827301502228
uvrgcn,sub,all,True,False,0,2024-11-01 13:49:40.522184,0.9,3,3,0.03,0.001,200,0.49662792682647705,0.3848867416381836,0.5541989207267761,0.7142857313156128,0.4600823223590851,0.3440510332584381,0.5219101905822754,0.6857957243919373,0.4660145044326782,0.347171351313591,0.5302537083625793,0.6976665556430817,0.4783551096916199,0.36446888744831085,0.5380545556545258,0.700040727853775
uvrgcn,sub,all,True,False,0,2024-11-08 13:19:29.824261,0.9,3,3,0.03,0.001,200,0.491047739982605,0.3771537244319916,0.5494505763053894,0.7122507095336914,0.4607396423816681,0.34649303555488586,0.5221815705299377,0.6817256808280945,0.46423858404159546,0.3460181951522827,0.5260480642318726,0.6931217014789581,0.47589367628097534,0.3618233799934387,0.5358160734176636,0.6969881951808929
uvrgcn,sub,all,True,False,0,2024-12-24 12:44:35.661605,0.9,3,3,0.03,0.001,200,0.48830002546310425,0.3741690516471863,0.5483652353286743,0.7119793891906738,0.454943984746933,0.3403880298137665,0.5132275223731995,0.6824040412902832,0.4597482681274414,0.34086285531520844,0.5206891894340515,0.6925790309906006,0.4716219902038574,0.3572785407304764,0.5307963788509369,0.6971917152404785
uvrgcn,sub,all,True,False,0,2024-12-24 13:46:50.214049,0.9,3,3,0.03,0.001,200,0.4980214536190033,0.38814273476600647,0.5551486015319824,0.7110297083854675,0.4591582119464874,0.34269434213638306,0.5202822089195251,0.682539701461792,0.4669106602668762,0.34947769343852997,0.5288970470428467,0.6935287117958069,0.47858983278274536,0.36541853845119476,0.5377154052257538,0.6967847049236298
uvrgcn,sub,all,True,False,0,2024-12-24 15:06:47.435907,0.9,3,3,0.03,0.001,200,0.489795982837677,0.3790530562400818,0.5472798943519592,0.7060100436210632,0.4561062753200531,0.3421517014503479,0.5151268839836121,0.6765703558921814,0.46119850873947144,0.3443901836872101,0.5221815407276154,0.6876272261142731,0.47295111417770386,0.36060237884521484,0.5312033891677856,0.6912901997566223
uvrgcn,sub,all,True,False,0,2024-12-24 16:30:33.520137,0.9,3,3,0.03,0.001,200,0.49222278594970703,0.3817664086818695,0.5505359172821045,0.7042464017868042,0.45553600788116455,0.3383530080318451,0.5202822089195251,0.6806403994560242,0.46244966983795166,0.3450685292482376,0.5259123742580414,0.690544068813324,0.4738793969154358,0.3600597083568573,0.5354090631008148,0.6924434006214142
uvrgcn,sub,all,True,False,0,2024-12-24 17:22:40.397190,0.9,3,3,0.03,0.001,200,0.492639422416687,0.3819020688533783,0.5491792559623718,0.7047890424728394,0.45807841420173645,0.3451363444328308,0.5132275223731995,0.6805046796798706,0.46351975202560425,0.3472391963005066,0.5227920413017273,0.6897300481796265,0.47535890340805054,0.36351920664310455,0.5312033891677856,0.692646861076355
uvrgcn,sub,all,True,False,0,2024-12-24 18:11:05.847409,0.9,5,5,0.03,0.001,200,0.4960184395313263,0.3840727210044861,0.5552842617034912,0.71075838804245,0.45864102244377136,0.34472936391830444,0.5156695246696472,0.6806403994560242,0.4654400646686554,0.3479175269603729,0.5262515544891357,0.6927825510501862,0.47732973098754883,0.36440104246139526,0.5354768931865692,0.6956993937492371
uvrgcn,sub,all,True,False,0,2024-12-24 19:10:40.023270,0.9,5,5,0.03,0.001,200,0.48729655146598816,0.37552571296691895,0.5457875728607178,0.7001764178276062,0.4508218467235565,0.3374033570289612,0.509428858757019,0.6739926934242249,0.458040714263916,0.34160901606082916,0.518111526966095,0.6840320229530334,0.46905919909477234,0.35646453499794006,0.5276082158088684,0.6870845556259155
uvrgcn,sub,all,True,False,0,2024-12-24 20:18:58.698146,0.9,5,5,0.03,0.001,200,0.4949818551540375,0.3850224018096924,0.5533849000930786,0.7073667049407959,0.4597434103488922,0.3482567071914673,0.5145841836929321,0.6795550584793091,0.46540021896362305,0.34974902868270874,0.5261158645153046,0.6911545395851135,0.47736263275146484,0.36663955450057983,0.5339845418930054,0.6934608817100525
uvrgcn,sub,all,True,False,0,2024-12-24 21:28:39.799569,0.9,4,4,0.03,0.001,200,0.49086230993270874,0.37932440638542175,0.5499932169914246,0.7046533823013306,0.4548356235027313,0.34160903096199036,0.5137702226638794,0.678469717502594,0.4614604115486145,0.34466153383255005,0.5228598713874817,0.688576877117157,0.47284895181655884,0.36046671867370605,0.531881719827652,0.6915615499019623
uvrgcn,sub,all,True,False,0,2024-12-24 22:04:53.530073,0.9,4,4,0.03,0.001,200,0.4884647727012634,0.37457606196403503,0.5489078760147095,0.7113010883331299,0.4491778314113617,0.331162691116333,0.5072581768035889,0.6803690195083618,0.457283616065979,0.337064191699028,0.5200786888599396,0.6932573914527893,0.46882128715515137,0.352869376540184,0.5280830264091492,0.6958350539207458
uvrgcn,sub,all,True,False,0,2024-12-24 22:40:23.249160,0.9,4,4,0.03,0.001,200,0.4841054677963257,0.37159138917922974,0.5430742502212524,0.7051960825920105,0.4497634470462799,0.3345543444156647,0.5087504982948303,0.6783340573310852,0.455477237701416,0.3372676819562912,0.516076534986496,0.6880342066287994,0.4669344425201416,0.3530728667974472,0.5259123742580414,0.6917650699615479
uvrgcn,sub,all,True,False,0,2024-12-25 10:38:22.553418,0.9,5,5,0.03,0.001,200,0.4860723316669464,0.37159138917922974,0.5502645969390869,0.702618420124054,0.4485866129398346,0.33360469341278076,0.5068511962890625,0.6735857129096985,0.4554756283760071,0.3364536762237549,0.5192647129297256,0.6858635544776917,0.4673294723033905,0.35259804129600525,0.5285578966140747,0.6881020665168762
uvrgcn,sub,all,True,False,0,2025-01-09 11:53:42.420262,0.9,3,3,0.03,0.001,200,0.4983285665512085,0.3889567255973816,0.5539276003837585,0.7122507095336914,0.4589913785457611,0.345272034406662,0.5136345028877258,0.6841676831245422,0.46641695499420166,0.34947770833969116,0.5259123742580414,0.6956315636634827,0.478659987449646,0.3671143800020218,0.5337810516357422,0.6982091963291168
uvrgcn,sub,all,True,False,0,2025-01-09 12:44:14.496651,0.9,3,3,0.03,0.001,200,0.49094343185424805,0.37823906540870667,0.5518925786018372,0.708452045917511,0.4547980725765228,0.34269434213638306,0.5084791779518127,0.6786053776741028,0.461270272731781,0.3439831882715225,0.5229955315589905,0.6914258897304535,0.47287076711654663,0.36046670377254486,0.530185878276825,0.6935287117958069
uvrgcn,sub,all,True,False,0,2025-01-09 13:30:22.912673,0.9,3,3,0.03,0.001,200,0.4972105026245117,0.38746440410614014,0.5509428977966309,0.7085877060890198,0.4561176300048828,0.33984535932540894,0.5164835453033447,0.6860670447349548,0.46434447169303894,0.3462216854095459,0.5248948633670807,0.6950210630893707,0.47666406631469727,0.36365488171577454,0.5337132215499878,0.6973273754119873
uvrgcn,sub,all,True,False,0,2025-01-09 14:13:19.930286,0.9,3,3,0.03,0.001,200,0.4949786961078644,0.3829874098300934,0.5552842617034912,0.7073667049407959,0.4633254110813141,0.3482567071914673,0.5236738920211792,0.6912223696708679,0.46750253438949585,0.34968119859695435,0.5291683971881866,0.6964455544948578,0.47915205359458923,0.36562205851078033,0.5394790768623352,0.6992945373058319
uvrgcn,sub,all,True,False,0,2025-01-09 14:58:27.589889,0.9,3,3,0.03,0.001,200,0.4948491156101227,0.38258039951324463,0.5558269023895264,0.708452045917511,0.4635889530181885,0.34852802753448486,0.5223172307014465,0.685931384563446,0.4676796495914459,0.3500203639268875,0.5287613868713379,0.694614052772522,0.4792190194129944,0.36555421352386475,0.5390720665454865,0.6971917152404785
uvrgcn,sub,all,True,False,0,2025-01-09 15:42:34.508940,0.9,3,3,0.03,0.001,200,0.49085819721221924,0.37932440638542175,0.5485008955001831,0.7057387232780457,0.45052674412727356,0.3364536762237549,0.5059015154838562,0.6779270172119141,0.45920318365097046,0.34194818139076233,0.5187898725271225,0.688237726688385,0.4706924557685852,0.3578890413045883,0.5272012054920197,0.6918328702449799
uvrgcn,sub,all,True,False,0,2025-01-09 16:25:07.055324,0.9,3,3,0.03,0.001,200,0.4975571632385254,0.38529372215270996,0.5556912422180176,0.7106227278709412,0.4588833153247833,0.34377968311309814,0.5200108885765076,0.6840320229530334,0.4662204682826996,0.34771402180194855,0.5297110378742218,0.6944105625152588,0.47822022438049316,0.36453670263290405,0.5378510653972626,0.6973273754119873
uvrgcn,sub,all,True,False,0,2025-01-09 17:20:31.565996,0.9,3,3,0.03,0.001,200,0.4902091324329376,0.37837472558021545,0.5483652353286743,0.7098087072372437,0.45751285552978516,0.3432370126247406,0.5189255475997925,0.6790123581886292,0.4621918797492981,0.34459368884563446,0.5236738920211792,0.6912901997566223,0.4738609790802002,0.360805869102478,0.5336453914642334,0.6944105327129364
uvrgcn,sub,all,True,False,0,2025-01-09 19:07:52.019910,0.9,3,3,0.03,0.001,200,0.4881773293018341,0.3759327232837677,0.5452448725700378,0.7047890424728394,0.45056283473968506,0.33848869800567627,0.5080721974372864,0.6735857129096985,0.4577137231826782,0.3403201848268509,0.5190612077713013,0.6872201859951019,0.4693700671195984,0.357210710644722,0.5266585350036621,0.6891873776912689
uvrgcn,sub,all,True,False,0,2025-01-09 20:01:20.321505,0.9,3,3,0.03,0.001,200,0.4941672086715698,0.3847510516643524,0.5482295751571655,0.7114367485046387,0.4581298828125,0.3482567071914673,0.5114638805389404,0.678469717502594,0.46406111121177673,0.34961336851119995,0.5219102203845978,0.691968560218811,0.4761485457420349,0.36650387942790985,0.529846727848053,0.6949532330036163
uvrgcn,sub,all,True,False,0,2025-01-09 20:54:46.473788,0.9,3,3,0.03,0.001,200,0.4869454801082611,0.3747117221355438,0.5472798943519592,0.7070953845977783,0.4509337842464447,0.3383530080318451,0.5065798759460449,0.672093391418457,0.4575459957122803,0.34072718024253845,0.5180436968803406,0.6866775453090668,0.4689396321773529,0.35653236508369446,0.5269298851490021,0.6895943880081177
uvrgcn,sub,all,True,False,0,2025-01-10 12:28:25.245185,0.9,3,3,0.03,0.001,200,0.49647605419158936,0.38719305396080017,0.549721896648407,0.7111654281616211,0.4544651508331299,0.3421517014503479,0.5088862180709839,0.6753493547439575,0.46400976181030273,0.349002867937088,0.5205535590648651,0.6897978782653809,0.4754706025123596,0.36467237770557404,0.5293040573596954,0.6932573914527893
uvrgcn,sub,all,True,False,0,2025-01-10 13:00:41.490216,0.9,3,3,0.03,0.001,200,0.4941994547843933,0.38420841097831726,0.5508072376251221,0.7088590860366821,0.458814799785614,0.3451363444328308,0.5164835453033447,0.6809117197990417,0.46449750661849976,0.34778186678886414,0.5248270630836487,0.692646861076355,0.47650712728500366,0.36467237770557404,0.5336453914642334,0.6948854029178619
uvrgcn,sub,all,True,False,0,2025-01-10 14:11:44.229043,0.9,3,3,0.03,0.001,200,0.49940335750579834,0.3870573937892914,0.5596255660057068,0.718220055103302,0.4575559198856354,0.3403880298137665,0.517433226108551,0.6901370286941528,0.46640437841415405,0.34669652581214905,0.5303893983364105,0.7015330493450165,0.47847962379455566,0.36372271180152893,0.5385293960571289,0.7041785418987274
uvrgcn,sub,all,True,False,0,2025-01-10 15:29:46.157918,0.9,4,4,0.03,0.001,200,0.4925488829612732,0.38040971755981445,0.5528422594070435,0.7051960825920105,0.45624199509620667,0.3444580137729645,0.5105141997337341,0.6758920550346375,0.46326661109924316,0.3472391813993454,0.5231990218162537,0.6875593960285187,0.4743954539299011,0.36243386566638947,0.5316782295703888,0.690544068813324
uvrgcn,sub,all,True,False,0,2025-01-10 16:25:55.119102,0.9,4,4,0.03,0.001,200,0.4825420677661896,0.36657172441482544,0.5449735522270203,0.704382061958313,0.45003601908683777,0.3330620229244232,0.5126848816871643,0.676163375377655,0.45538026094436646,0.33502916991710663,0.5205535292625427,0.6874915361404419,0.46628904342651367,0.34981687366962433,0.5288292169570923,0.690272718667984
uvrgcn,sub,all,True,False,0,2025-01-10 17:19:04.203735,0.9,4,4,0.03,0.001,200,0.4979357421398163,0.3877357244491577,0.5566409230232239,0.7080450654029846,0.4543547034263611,0.3410663604736328,0.511735200881958,0.6746710538864136,0.46467500925064087,0.34852802753448486,0.5253018736839294,0.6887125372886658,0.4761452078819275,0.36440104246139526,0.5341880619525909,0.6913580596446991
uvrgcn,sub,all,True,False,0,2025-01-10 19:13:10.235506,0.9,5,5,0.03,0.001,200,0.485013484954834,0.3751187324523926,0.5387328863143921,0.7045177221298218,0.44920027256011963,0.33753901720046997,0.5027812123298645,0.6714150309562683,0.45617932081222534,0.34093068540096283,0.5131596922874451,0.684846043586731,0.4671068787574768,0.3563288748264313,0.5207570493221283,0.687966376543045
uvrgcn,sub,all,True,False,0,2025-01-10 19:47:34.566235,0.9,5,5,0.03,0.001,200,0.48499399423599243,0.3747117221355438,0.5388685464859009,0.7023470401763916,0.4428347051143646,0.32763534784317017,0.499660849571228,0.6739926934242249,0.4527584910392761,0.3355718404054642,0.5115316808223724,0.6855244040489197,0.46391433477401733,0.351173534989357,0.5192646980285645,0.6881698668003082
uvrgcn,sub,all,True,False,0,2025-01-10 21:21:23.380830,0.9,5,5,0.03,0.001,200,0.49484434723854065,0.38624340295791626,0.5493149161338806,0.7099444270133972,0.4555637538433075,0.3410663604736328,0.5144485235214233,0.6781983971595764,0.46402209997177124,0.3481888622045517,0.5227242112159729,0.6918328702449799,0.4752040505409241,0.36365488171577454,0.531881719827652,0.6940714120864868
uvrgcn,sub,all,True,False,0,2025-01-12 11:56:10.145333,0.9,3,3,0.03,0.001,200,0.4944484829902649,0.38244473934173584,0.5562338829040527,0.7070953845977783,0.45673975348472595,0.34160903096199036,0.5179758667945862,0.6781983971595764,0.4634912610054016,0.3449328690767288,0.528218686580658,0.6900691986083984,0.47559410333633423,0.3620268851518631,0.5371048748493195,0.6926468908786774
uvrgcn,sub,all,True,False,0,2025-01-12 12:51:56.131377,0.9,3,3,0.03,0.001,200,0.4893093705177307,0.37647539377212524,0.5528422594070435,0.710080087184906,0.44987285137176514,0.33469000458717346,0.509428858757019,0.6777913570404053,0.45797115564346313,0.3393705189228058,0.5219101905822754,0.6902726888656616,0.4695911109447479,0.35558269917964935,0.5311355590820312,0.6939357221126556
uvrgcn,sub,all,True,False,0,2025-01-12 13:44:35.127896,0.9,3,3,0.03,0.001,200,0.4930528700351715,0.3791887164115906,0.5552842617034912,0.7092660665512085,0.4557420313358307,0.33984535932540894,0.5149912238121033,0.6862027049064636,0.462856650352478,0.3439831882715225,0.5242843925952911,0.6948853731155396,0.4743974506855011,0.35951703786849976,0.5351377427577972,0.6977343857288361
uvrgcn,sub,all,True,False,0,2025-01-12 15:06:21.994979,0.9,4,4,0.03,0.001,200,0.4837492108345032,0.3721340596675873,0.5395469069480896,0.7009903788566589,0.44589337706565857,0.3303486704826355,0.5065798759460449,0.6685660481452942,0.45382389426231384,0.3361145108938217,0.5143807083368301,0.6813187301158905,0.4648212790489197,0.3512413650751114,0.5230633914470673,0.6847782135009766
uvrgcn,sub,all,True,False,0,2025-01-12 15:56:06.519836,0.9,4,4,0.03,0.001,200,0.48848816752433777,0.3762040436267853,0.5472798943519592,0.7047890424728394,0.45488792657852173,0.34160903096199036,0.5114638805389404,0.6776556968688965,0.45978614687919617,0.3422873467206955,0.5205535292625427,0.6893908977508545,0.47168803215026855,0.3589065372943878,0.5293718874454498,0.6912223696708679
uvrgcn,sub,all,True,False,0,2025-01-12 16:30:45.124902,0.9,4,4,0.03,0.001,200,0.48827001452445984,0.376882404088974,0.545109212398529,0.7081807255744934,0.4500618577003479,0.33550402522087097,0.5087504982948303,0.676841676235199,0.45754194259643555,0.33984535932540894,0.5162800252437592,0.6899335384368896,0.4691659212112427,0.3561932146549225,0.5269298553466797,0.6925112009048462
uvrgcn,sub,all,True,False,0,2025-01-12 17:19:18.745188,0.9,5,5,0.03,0.001,200,0.490339070558548,0.38040971755981445,0.5453805923461914,0.7088590860366821,0.449542760848999,0.3341473340988159,0.5102428793907166,0.6746710538864136,0.45866912603378296,0.34154118597507477,0.51946821808815,0.6876272261142731,0.4699409008026123,0.3572785258293152,0.527811735868454,0.6917650699615479
uvrgcn,sub,all,True,False,0,2025-01-12 18:31:34.784238,0.9,5,5,0.03,0.001,200,0.48955491185188293,0.37756073474884033,0.5464658737182617,0.7045177221298218,0.4541664123535156,0.3399810194969177,0.5092931985855103,0.6762990355491638,0.46039095520973206,0.3432370275259018,0.5180437117815018,0.6868132054805756,0.4718606472015381,0.35877087712287903,0.527879536151886,0.6904083788394928
uvrgcn,sub,all,True,False,0,2025-01-12 19:39:51.079315,0.9,5,5,0.03,0.001,200,0.49338236451148987,0.38163071870803833,0.5527065992355347,0.7110297083854675,0.4507039487361908,0.3349613547325134,0.5072581768035889,0.6787410378456116,0.46068650484085083,0.3432370126247406,0.5198752135038376,0.6927147209644318,0.47204315662384033,0.3582960367202759,0.5299823880195618,0.6948853731155396
uvrgcn,sub,all,True,False,0,2025-01-13 13:25:20.142882,0.9,3,3,0.03,0.001,200,0.4895128309726715,0.37864604592323303,0.5455162525177002,0.7081807255744934,0.44925540685653687,0.33672502636909485,0.5026454925537109,0.6753493547439575,0.4580830931663513,0.34174469113349915,0.5155338644981384,0.6884412169456482,0.4693841338157654,0.35768553614616394,0.5240808725357056,0.6917650401592255
uvrgcn,sub,all,True,False,0,2025-01-13 15:36:00.369680,0.9,3,3,0.03,0.001,200,0.4958643615245819,0.3847510516643524,0.5548772215843201,0.712386429309845,0.4536910057067871,0.34052368998527527,0.5088862180709839,0.6791480183601379,0.46361207962036133,0.3471713662147522,0.5231990218162537,0.6931895315647125,0.4747776985168457,0.36263737082481384,0.531881719827652,0.6957672238349915
uvrgcn,sub,all,True,False,0,2025-01-13 16:30:23.633721,0.9,3,3,0.03,0.001,200,0.48911115527153015,0.3757970631122589,0.5494505763053894,0.7106227278709412,0.4558066129684448,0.33984535932540894,0.5204178690910339,0.6814543604850769,0.4605514407157898,0.3414733558893204,0.5239452123641968,0.6935287117958069,0.4724588990211487,0.3578212112188339,0.5349342226982117,0.696038544178009
uvrgcn,sub,all,True,False,0,2025-01-13 17:57:44.493007,0.9,4,4,0.03,0.001,200,0.4987971782684326,0.39044907689094543,0.5555555820465088,0.7076380848884583,0.4597151279449463,0.3471713662147522,0.5156695246696472,0.6772487163543701,0.46685224771499634,0.351173534989357,0.5265228748321533,0.6894587278366089,0.47925615310668945,0.3688102215528488,0.535612553358078,0.6924434006214142
uvrgcn,sub,all,True,False,0,2025-01-13 19:31:50.703457,0.9,4,4,0.03,0.001,200,0.4848417341709137,0.3698277175426483,0.5448378920555115,0.7051960825920105,0.45105230808258057,0.3391670286655426,0.5034595131874084,0.6730430126190186,0.4567393362522125,0.339234858751297,0.5159408748149872,0.6856600344181061,0.46794700622558594,0.35449737310409546,0.52414870262146,0.6891195476055145
uvrgcn,sub,all,True,False,0,2025-01-13 20:05:42.163808,0.9,4,4,0.03,0.001,200,0.4861598312854767,0.37335506081581116,0.5430742502212524,0.708452045917511,0.45239025354385376,0.33753901720046997,0.5095645189285278,0.6798263788223267,0.4577052593231201,0.339099183678627,0.5179080367088318,0.6909510493278503,0.4692750573158264,0.35544703900814056,0.5263193845748901,0.6941392123699188
uvrgcn,sub,all,True,False,0,2025-01-13 21:44:38.633754,0.9,5,5,0.03,0.001,200,0.4843168556690216,0.3748473823070526,0.5390042066574097,0.7032967209815979,0.4505290687084198,0.3345543444156647,0.5086148381233215,0.6792836785316467,0.4558262228965759,0.3384208530187607,0.5156695246696472,0.688576877117157,0.4674229621887207,0.35470086336135864,0.5238095223903656,0.6912901997566223
uvrgcn,sub,all,True,False,0,2025-01-13 23:31:54.340309,0.9,5,5,0.03,0.001,200,0.48668745160102844,0.3728123903274536,0.5449735522270203,0.7070953845977783,0.4507586359977722,0.33767467737197876,0.5046805143356323,0.6783340573310852,0.45734211802482605,0.33970968425273895,0.5160765200853348,0.690001368522644,0.4687230587005615,0.3552435338497162,0.5248270332813263,0.6927147209644318
uvrgcn,sub,all,True,False,0,2025-01-14 00:25:41.445983,0.9,5,5,0.03,0.001,200,0.48725229501724243,0.37661105394363403,0.5442952513694763,0.7047890424728394,0.4467359483242035,0.3345543444156647,0.5016958713531494,0.6682946681976318,0.45528727769851685,0.33896350860595703,0.5156016945838928,0.6838963627815247,0.46699410676956177,0.35558269917964935,0.5229955613613129,0.6865418553352356
uvrgcn,sub,all,True,False,0,2025-01-25 11:45:40.654091,0.9,4,4,0.03,0.001,200,0.4895302355289459,0.3757970631122589,0.5480939149856567,0.7126577496528625,0.4540088474750519,0.33862435817718506,0.509428858757019,0.6819970607757568,0.4605584442615509,0.34188035130500793,0.5215710401535034,0.6944783627986908,0.4717695415019989,0.357210710644722,0.5287613868713379,0.6973274052143097
uvrgcn,sub,all,True,False,0,2025-01-25 12:20:37.428264,0.9,4,4,0.03,0.001,200,0.4877287745475769,0.3730837106704712,0.5475512146949768,0.7113010883331299,0.45002779364585876,0.3330620229244232,0.511735200881958,0.680233359336853,0.4576406478881836,0.33774252235889435,0.5212997198104858,0.6929182410240173,0.46887826919555664,0.3530728667974472,0.5296432077884674,0.6957672238349915
uvrgcn,sub,all,True,False,0,2025-01-25 13:46:33.066822,0.9,4,4,0.03,0.001,200,0.49200642108917236,0.3756614029407501,0.5541989207267761,0.7117080688476562,0.4533255398273468,0.33781033754348755,0.512413501739502,0.6780626773834229,0.4613151252269745,0.3412020206451416,0.5251661837100983,0.6921720504760742,0.4726659655570984,0.35673587024211884,0.533306211233139,0.6948853731155396
uvrgcn,sub,all,True,False,0,2025-01-27 11:50:02.627773,0.9,3,3,0.03,0.001,200,0.4978688955307007,0.38719305396080017,0.5578619241714478,0.7121150493621826,0.46059927344322205,0.3433727025985718,0.5223172307014465,0.6886447072029114,0.4669593870639801,0.3483245372772217,0.5304571986198425,0.6980735659599304,0.47923409938812256,0.365282878279686,0.5400895774364471,0.700379878282547
uvrgcn,sub,all,True,False,0,2025-01-27 12:46:35.951684,0.9,3,3,0.03,0.001,200,0.4970172643661499,0.38746440410614014,0.5552842617034912,0.7098087072372437,0.461425244808197,0.3440510332584381,0.5221815705299377,0.690001368522644,0.46768778562545776,0.34974902868270874,0.5305928885936737,0.6969203948974609,0.47922125458717346,0.3657577186822891,0.5387329161167145,0.6999050378799438
uvrgcn,sub,all,True,False,0,2025-01-28 13:23:13.464177,0.9,3,3,0.03,0.001,200,0.49452999234199524,0.38353005051612854,0.5527065992355347,0.7085877060890198,0.45507586002349854,0.3383530080318451,0.5144485235214233,0.6849817037582397,0.4626651108264923,0.3441866934299469,0.5248270332813263,0.6936643719673157,0.4748029112815857,0.3609415292739868,0.533577561378479,0.6967847049236298
uvrgcn,sub,all,True,False,0,2025-02-01 09:31:58.868560,0.9,3,3,0.03,0.001,200,0.49649104475975037,0.38732874393463135,0.5544702410697937,0.7096730470657349,0.45490241050720215,0.33984535932540894,0.5139058828353882,0.6810473799705505,0.46448349952697754,0.3481210321187973,0.526115894317627,0.6934608817100525,0.47569674253463745,0.36358705163002014,0.5341880619525909,0.6953602135181427
uvrgcn,sub,all,True,False,0,2025-02-18 15:30:57.887757,0.9,4,4,0.03,0.001,200,0.42673271894454956,0.29616063833236694,0.4951838552951813,0.6796907186508179,0.38337844610214233,0.2522045969963074,0.4493284523487091,0.6467236876487732,0.39610543847084045,0.2628544420003891,0.46377699077129364,0.660019040107727,0.40505558252334595,0.27418261766433716,0.4722561538219452,0.6632072031497955
uvrgcn,sub,all,True,False,0,2025-02-22 19:25:37.165469,0.9,3,3,0.03,0.001,200,0.500714123249054,0.3919413983821869,0.5574548840522766,0.7126577496528625,0.45755064487457275,0.3399810194969177,0.5210962295532227,0.6856600642204285,0.4669319987297058,0.3490706831216812,0.5304572284221649,0.6957672238349915,0.47913238406181335,0.3659612089395523,0.5392755568027496,0.6991589069366455
uvrgcn,sub,all,True,False,0,2025-02-22 19:59:04.453050,0.9,3,3,0.03,0.001,200,0.48654821515083313,0.3707773983478546,0.5472798943519592,0.706688404083252,0.4478430151939392,0.3292633295059204,0.5102428793907166,0.6811830401420593,0.45574042201042175,0.3345543444156647,0.5204178988933563,0.690883219242096,0.46719563007354736,0.3500203639268875,0.5287613868713379,0.6939357221126556
uvrgcn,sub,all,True,False,0,2025-02-22 21:46:50.268038,0.9,3,3,0.03,0.001,200,0.5000594854354858,0.38827839493751526,0.5615249276161194,0.71075838804245,0.46039626002311707,0.34350836277008057,0.521503210067749,0.6851173639297485,0.4681464433670044,0.3491385281085968,0.5333062410354614,0.6958350539207458,0.48022788763046265,0.3658933788537979,0.5415140688419342,0.6979378759860992
uvrgcn,sub,all,True,False,0,2025-02-22 22:45:47.502557,0.9,7,7,0.03,0.001,200,0.48281237483024597,0.37050604820251465,0.539275586605072,0.7032967209815979,0.44823962450027466,0.3342830240726471,0.504273533821106,0.6765703558921814,0.45347949862480164,0.3354361802339554,0.5140415281057358,0.6866097152233124,0.4655259847640991,0.35239453613758087,0.521774560213089,0.6899335384368896
uvrgcn,sub,all,True,True,0,2025-02-23 09:37:39.074424,0.9,3,3,0.03,0.001,200,0.5005307793617249,0.39017772674560547,0.5579975843429565,0.7146927118301392,0.4620595872402191,0.3474426865577698,0.5200108885765076,0.6876950263977051,0.4688184857368469,0.351173534989357,0.530185878276825,0.6979378759860992,0.4812951683998108,0.3688102066516876,0.5390042364597321,0.7011938691139221
uvrgcn,sub,all,True,True,0,2025-02-23 10:46:51.820407,0.9,3,3,0.03,0.001,200,0.49071204662323,0.3791887164115906,0.5504002571105957,0.7064170837402344,0.45802435278892517,0.345000684261322,0.5160765051841736,0.6790123581886292,0.4625178575515747,0.34567902982234955,0.5240130424499512,0.6907475590705872,0.47436821460723877,0.3620947003364563,0.5332383811473846,0.6927147209644318
uvrgcn,sub,all,True,True,0,2025-02-23 11:48:57.467856,0.9,3,3,0.03,0.001,200,0.4942176043987274,0.3859720528125763,0.5485008955001831,0.7095373868942261,0.4551606774330139,0.34255868196487427,0.5129562020301819,0.6794193983078003,0.4628128409385681,0.3470356911420822,0.5222493708133698,0.6916972100734711,0.4746891260147095,0.3642653673887253,0.5307285487651825,0.6944783926010132
uvrgcn,sub,all,True,True,0,2025-02-23 12:25:48.904202,0.9,3,3,0.03,0.001,200,0.5039037466049194,0.3897707462310791,0.5660018920898438,0.7233754396438599,0.46434158086776733,0.34690001606941223,0.5291005373001099,0.692307710647583,0.47182971239089966,0.35083436965942383,0.5379867255687714,0.7052638828754425,0.4841226637363434,0.36833538115024567,0.5475512146949768,0.7078415751457214
uvrgcn,sub,all,True,True,0,2025-02-23 13:25:43.877297,0.9,7,7,0.03,0.001,200,0.508574366569519,0.39845341444015503,0.5664089322090149,0.7213404178619385,0.4699293375015259,0.3568037152290344,0.5274725556373596,0.688916027545929,0.4768286347389221,0.36046670377254486,0.5378510653972626,0.7028897106647491,0.48925185203552246,0.3776285648345947,0.5469407439231873,0.7051282227039337
uvrgcn,sub,all,True,True,0,2025-02-23 15:28:16.572778,0.9,5,5,0.03,0.001,200,0.5102890133857727,0.40008142590522766,0.5708858966827393,0.7210690975189209,0.46918705105781555,0.35436171293258667,0.5276082158088684,0.6898657083511353,0.4777184724807739,0.36067020893096924,0.5405643880367279,0.702075719833374,0.4897380471229553,0.37722156941890717,0.5492470562458038,0.7054674029350281
uvrgcn,sub,all,True,True,0,2025-02-23 16:22:06.556854,0.9,5,5,0.03,0.001,200,0.5054256319999695,0.39641842246055603,0.5612536072731018,0.7169990539550781,0.47057250142097473,0.3592457175254822,0.5247592329978943,0.6917650699615479,0.4758029580116272,0.36060236394405365,0.5347985327243805,0.7010582387447357,0.4879990816116333,0.3778320699930191,0.543006420135498,0.704382061958313
uvrgcn,sub,all,True,True,0,2025-02-23 17:24:47.904807,0.9,5,5,0.03,0.001,200,0.5040496587753296,0.393026739358902,0.5632885694503784,0.7184914350509644,0.4660050570964813,0.3532763719558716,0.5205535292625427,0.6857957243919373,0.4726741909980774,0.3561932146549225,0.5313390493392944,0.6995658874511719,0.48502737283706665,0.3731515556573868,0.5419210493564606,0.7021435797214508
uvrgcn,sub,all,True,True,0,2025-02-23 18:15:26.458392,0.9,5,5,0.03,0.001,200,0.5080860257148743,0.3976394236087799,0.5683082342147827,0.719848096370697,0.4743577241897583,0.36345136165618896,0.5315425395965576,0.6919007301330566,0.47842326760292053,0.36243388056755066,0.5394790470600128,0.7028897404670715,0.4912218749523163,0.38054539263248444,0.5499253869056702,0.7058744132518768
uvrgcn,sub,all,True,True,0,2025-02-23 19:45:41.137066,0.9,5,5,0.03,0.001,200,0.5103479623794556,0.40211641788482666,0.5718355774879456,0.7156423926353455,0.47040945291519165,0.3578890264034271,0.527879536151886,0.6917650699615479,0.47780829668045044,0.3620947152376175,0.5420567095279694,0.7007190585136414,0.4903787076473236,0.3800027221441269,0.5498575568199158,0.7037037312984467
uvrgcn,sub,all,True,True,0,2025-02-23 20:42:45.741404,0.9,5,5,0.03,0.001,200,0.5108097195625305,0.4015737473964691,0.5725139379501343,0.7186270952224731,0.471034437417984,0.359110027551651,0.5293718576431274,0.6906797289848328,0.47809702157974243,0.36168771982192993,0.5423958897590637,0.7016008794307709,0.49092209339141846,0.38034188747406006,0.5509428977966309,0.704653412103653
uvrgcn,sub,all,True,True,0,2025-02-23 21:38:37.904684,0.9,5,5,0.03,0.001,200,0.5026262402534485,0.39139872789382935,0.5627459287643433,0.716456413269043,0.4660246968269348,0.35069870948791504,0.5236738920211792,0.6914936900138855,0.47243696451187134,0.35470087826251984,0.535341203212738,0.7009904086589813,0.48432546854019165,0.3710487186908722,0.5432099103927612,0.7039750516414642
uvrgcn,sub,all,True,True,0,2025-02-23 22:28:26.838643,0.9,4,4,0.03,0.001,200,0.5069940686225891,0.3965540826320648,0.5684438943862915,0.7199837565422058,0.4708099961280823,0.35870304703712463,0.5267941951751709,0.6891874074935913,0.47680485248565674,0.36060237884521484,0.5377154052257538,0.7020078897476196,0.4889020323753357,0.3776285648345947,0.5476190447807312,0.7045855820178986
uvrgcn,sub,all,True,True,0,2025-02-23 23:28:08.086070,0.9,4,4,0.03,0.001,200,0.5080664753913879,0.39709675312042236,0.5688509345054626,0.7224257588386536,0.4738924503326416,0.3603310286998749,0.5343915820121765,0.698005735874176,0.47873881459236145,0.36141636967658997,0.541649729013443,0.7068918943405151,0.49097946286201477,0.3787138909101486,0.5516212582588196,0.7102157473564148
uvrgcn,sub,all,True,True,0,2025-02-24 00:02:41.601802,0.9,4,4,0.03,0.001,200,0.5048447847366333,0.3956044018268585,0.5615249276161194,0.7202550768852234,0.4693478047847748,0.3561253547668457,0.5282865762710571,0.6893230676651001,0.4743654131889343,0.3580247014760971,0.5354768931865692,0.7024827301502228,0.48709630966186523,0.3758648782968521,0.5449057519435883,0.7047890722751617
uvrgcn,sub,all,True,True,0,2025-02-24 07:51:11.688594,0.9,4,4,0.03,0.001,200,0.5005080103874207,0.38529372215270996,0.5661376118659973,0.7175417542457581,0.4679981470108032,0.3542260229587555,0.5262515544891357,0.6912223696708679,0.47146493196487427,0.35164836049079895,0.5367657244205475,0.7012617290019989,0.48425307869911194,0.3697598725557327,0.5461945831775665,0.704382061958313
uvrgcn,sub,all,True,True,0,2025-02-24 08:23:06.870292,0.9,3,3,0.03,0.001,200,0.504764974117279,0.3915344178676605,0.5681725740432739,0.7220187187194824,0.47174787521362305,0.3559896945953369,0.5347985625267029,0.6967847347259521,0.47582337260246277,0.35673587024211884,0.5408357083797455,0.7068918943405151,0.48825642466545105,0.3737620562314987,0.5514855682849884,0.7094017267227173
uvrgcn,sub,all,True,True,0,2025-02-24 09:12:15.064933,0.9,3,3,0.03,0.001,200,0.5080794095993042,0.3969610631465912,0.5704789161682129,0.7188984155654907,0.4730468988418579,0.36155202984809875,0.5293718576431274,0.688237726688385,0.47835731506347656,0.3620947152376175,0.5415140688419342,0.700040727853775,0.49056315422058105,0.37925654649734497,0.5499253869056702,0.7035680711269379
uvrgcn,sub,all,True,True,0,2025-02-24 09:51:37.152936,0.9,3,3,0.03,0.001,200,0.5054860711097717,0.39546874165534973,0.563559889793396,0.7195767164230347,0.46716347336769104,0.35341203212738037,0.5269298553466797,0.6916294097900391,0.47359776496887207,0.3561931997537613,0.5366300642490387,0.7028897404670715,0.4863247871398926,0.37444038689136505,0.5452448725700378,0.7056030631065369
uvrgcn,sub,all,True,True,0,2025-02-24 10:26:33.386841,0.9,3,3,0.03,0.001,200,0.5099320411682129,0.4008954167366028,0.5657305717468262,0.723918080329895,0.47047537565231323,0.3608736991882324,0.5267941951751709,0.6890516877174377,0.47752705216407776,0.36243388056755066,0.5378510355949402,0.7035002112388611,0.49020370841026306,0.3808845579624176,0.5462623834609985,0.7064848840236664
uvrgcn,sub,all,True,True,0,2025-02-24 11:13:50.314657,0.9,3,3,0.03,0.001,200,0.5085431337356567,0.40008142590522766,0.5645095705986023,0.7210690975189209,0.4698479175567627,0.3561253547668457,0.5284222364425659,0.6867454051971436,0.47690126299858093,0.36039887368679047,0.5383937358856201,0.7011938989162445,0.4891955256462097,0.3781033903360367,0.5464659035205841,0.7039072513580322
uvrgcn,sub,all,True,True,0,2025-02-24 12:16:04.126705,0.9,4,4,0.03,0.001,200,0.504528820514679,0.39316239953041077,0.5649166107177734,0.716456413269043,0.4669889211654663,0.355040043592453,0.5220458507537842,0.6894587278366089,0.4731426239013672,0.35646453499794006,0.5333740413188934,0.7002442181110382,0.48575887084007263,0.3741012215614319,0.5434812307357788,0.7029575705528259
uvrgcn,sub,all,True,True,0,2025-02-24 16:37:36.042917,0.9,6,6,0.03,0.001,200,0.5080531239509583,0.39913174510002136,0.5647808909416199,0.7197124361991882,0.4703713357448578,0.35666802525520325,0.5322209000587463,0.6912223696708679,0.4769189953804016,0.3608058840036392,0.5400895476341248,0.7035002410411835,0.4892122149467468,0.3778998851776123,0.5485008955001831,0.7054674029350281
uvrgcn,sub,all,True,True,0,2025-02-24 17:49:19.259210,0.9,6,6,0.03,0.001,200,0.5101179480552673,0.40225207805633545,0.5660018920898438,0.7210690975189209,0.4778394401073456,0.36535072326660156,0.5371049046516418,0.6962420344352722,0.4814433455467224,0.3659612089395523,0.541988879442215,0.7061457335948944,0.49397867918014526,0.3838014006614685,0.5515533983707428,0.7086555659770966
uvrgcn,sub,all,True,True,0,2025-02-24 19:25:13.248541,0.9,6,6,0.03,0.001,200,0.5079057216644287,0.39940309524536133,0.5643739104270935,0.7144213914871216,0.46224793791770935,0.345272034406662,0.5259802341461182,0.6913580298423767,0.47269904613494873,0.354904368519783,0.5362908840179443,0.6993623673915863,0.4850768446922302,0.37233756482601166,0.5451770722866058,0.7028897106647491
uvrgcn,sub,all,True,True,0,2025-02-24 20:15:10.502465,0.9,6,6,0.03,0.001,200,0.5048790574073792,0.39451906085014343,0.5632885694503784,0.719848096370697,0.46907129883766174,0.35571837425231934,0.5288292169570923,0.6895943880081177,0.4746228754520416,0.35768555104732513,0.5373083651065826,0.7018722295761108,0.48697519302368164,0.3751187175512314,0.5460588932037354,0.7047212421894073
uvrgcn,sub,all,True,True,0,2025-02-24 21:03:07.377485,0.9,6,6,0.03,0.001,200,0.5047544836997986,0.39329805970191956,0.5677655935287476,0.7149640917778015,0.4762048125267029,0.36372271180152893,0.5368335843086243,0.6898657083511353,0.47883665561676025,0.36256954073905945,0.5420567393302917,0.6991588771343231,0.49047964811325073,0.37851038575172424,0.5522995889186859,0.7024149000644684
uvrgcn,sub,all,True,True,0,2025-02-24 22:29:37.865054,0.9,7,7,0.03,0.001,200,0.5099142789840698,0.3996744155883789,0.569257915019989,0.7232397198677063,0.47238439321517944,0.35965269804000854,0.5305928587913513,0.6944783926010132,0.47886034846305847,0.36263737082481384,0.5400895476341248,0.7059422135353088,0.49114933609962463,0.3796635568141937,0.5499253869056702,0.7088590562343597
uvrgcn,sub,all,True,True,0,2025-02-25 08:51:12.246090,0.9,7,7,0.03,0.001,200,0.5083860158920288,0.39818206429481506,0.5687152743339539,0.716456413269043,0.46466299891471863,0.3502916991710663,0.5247592329978943,0.6853886842727661,0.47380509972572327,0.3563288599252701,0.5373083651065826,0.6982770562171936,0.4865245223045349,0.3742368817329407,0.5467372536659241,0.7009225487709045
uvrgcn,sub,all,True,True,0,2025-02-25 11:38:47.413267,0.9,5,5,0.03,0.001,200,0.5064639449119568,0.39533308148384094,0.5664089322090149,0.720526397228241,0.46957212686538696,0.35748204588890076,0.5258445739746094,0.6914936900138855,0.4756315350532532,0.35870303213596344,0.5366978943347931,0.7032288908958435,0.4880180358886719,0.37640756368637085,0.5461267530918121,0.7060100436210632
uvrgcn,sub,all,True,True,0,2025-02-25 17:30:31.318451,0.9,5,5,0.03,0.001,200,0.507735550403595,0.3985890746116638,0.5665445923805237,0.7163207530975342,0.47008323669433594,0.3549043536186218,0.5324922204017639,0.6929860711097717,0.476651668548584,0.35972054302692413,0.5404287278652191,0.7019400596618652,0.48890939354896545,0.3767467141151428,0.5495184063911438,0.704653412103653
uvrgcn,sub,all,True,True,0,2025-02-26 07:52:40.735036,0.9,7,7,0.03,0.001,200,0.5122989416122437,0.40496543049812317,0.5683082342147827,0.7206620573997498,0.47048506140708923,0.35856735706329346,0.5262515544891357,0.6881020665168762,0.4789772033691406,0.3639940470457077,0.5387328863143921,0.7010582387447357,0.49139201641082764,0.3817663937807083,0.5472798943519592,0.704382061958313
uvrgcn,sub,all,True,True,0,2025-02-26 08:43:47.519549,0.9,7,7,0.03,0.001,200,0.508824348449707,0.39926740527153015,0.5672228932380676,0.7228327393531799,0.47034040093421936,0.35748204588890076,0.5267941951751709,0.6947497129440308,0.47755563259124756,0.3617555499076843,0.5366300642490387,0.70607790350914,0.489582359790802,0.37837472558021545,0.5470085442066193,0.7087912261486053
uvrgcn,sub,all,True,True,0,2025-02-26 10:27:56.592234,0.9,7,7,0.03,0.001,200,0.5019010305404663,0.393026739358902,0.5581332445144653,0.7106227278709412,0.4665409326553345,0.3532763719558716,0.523809552192688,0.6847103834152222,0.47236019372940063,0.35653236508369446,0.5316781997680664,0.6947497427463531,0.4842209815979004,0.3731515556573868,0.5409713983535767,0.6976665556430817
uvrgcn,sub,all,True,True,0,2025-02-26 18:19:12.046831,0.7,6,6,0.03,0.001,200,0.502516508102417,0.3908560574054718,0.5649166107177734,0.7133360505104065,0.4646066129207611,0.34974902868270874,0.5250305533409119,0.6862027049064636,0.47129201889038086,0.3531407117843628,0.5365622043609619,0.6977343857288361,0.48356157541275024,0.37030254304409027,0.5449735820293427,0.6997693777084351
uvrgcn,sub,all,True,True,0,2025-02-27 09:00:01.131226,0.9,7,7,0.03,0.001,200,0.5115914344787598,0.4034730792045593,0.5681725740432739,0.7231040596961975,0.4744502604007721,0.3622303605079651,0.5305928587913513,0.6954280734062195,0.4801739454269409,0.36467237770557404,0.5400217175483704,0.7061457335948944,0.49302083253860474,0.3828517198562622,0.5493827164173126,0.7092660665512085
uvrgcn,sub,all,True,True,0,2025-02-27 15:49:02.149182,0.9,7,7,0.03,0.001,200,0.5084071755409241,0.40048840641975403,0.5654592514038086,0.7176774144172668,0.4656447470188141,0.3501560389995575,0.5248948931694031,0.688916027545929,0.474528431892395,0.35775338113307953,0.5360195636749268,0.7009225487709045,0.4870259761810303,0.37532222270965576,0.5451770722866058,0.7032967209815979
uvrgcn,sub,all,True,True,0,2025-02-27 17:40:29.429848,0.9,7,7,0.03,0.001,200,0.5087535381317139,0.39845341444015503,0.5691222548484802,0.7220187187194824,0.4714720547199249,0.3588387072086334,0.5297788977622986,0.6887803673744202,0.4779616594314575,0.3618233650922775,0.5400895476341248,0.7029575705528259,0.4901127815246582,0.3786460608243942,0.5494505763053894,0.7053995430469513
uvrgcn,sub,all,True,True,0,2025-02-27 18:48:19.322994,0.9,7,7,0.03,0.001,200,0.5052105188369751,0.3980464041233063,0.5585402250289917,0.7110297083854675,0.46931689977645874,0.3592457175254822,0.5254375338554382,0.6862027049064636,0.47427982091903687,0.35944919288158417,0.5322887003421783,0.6961742043495178,0.4872637093067169,0.3786460608243942,0.541988879442215,0.6986162066459656
uvrgcn,sub,all,True,True,0,2025-03-04 08:19:21.400964,0.9,7,7,0.03,0.001,200,0.5092939138412476,0.3988604247570038,0.5668159127235413,0.7278524041175842,0.4710786044597626,0.35951703786849976,0.5265228748321533,0.6876950263977051,0.4779903292655945,0.3617555499076843,0.5378510355949402,0.7047890424728394,0.49018627405166626,0.37918873131275177,0.5466693937778473,0.7077737152576447
uvrgcn,sub,all,True,True,0,2025-03-04 09:17:36.150260,0.9,7,7,0.03,0.001,200,0.5062081813812256,0.3938407301902771,0.5687152743339539,0.7210690975189209,0.4678490459918976,0.35476869344711304,0.5273368954658508,0.6912223696708679,0.4737500548362732,0.35544703900814056,0.539343386888504,0.7040428817272186,0.4870285987854004,0.37430471181869507,0.5480260848999023,0.7061457335948944
uvrgcn,sub,all,True,True,0,2025-03-04 10:40:00.056088,0.9,6,6,0.03,0.001,200,0.5100423693656921,0.39845341444015503,0.5711572766304016,0.7247321009635925,0.4719730317592621,0.3569393754005432,0.533577561378479,0.6913580298423767,0.4787980318069458,0.3608058840036392,0.5430063903331757,0.704382061958313,0.4910076856613159,0.3776963949203491,0.5523674190044403,0.7080450654029846
uvrgcn,sub,all,True,True,0,2025-03-04 11:28:03.609489,0.9,6,6,0.03,0.001,200,0.5115106105804443,0.4014380872249603,0.5683082342147827,0.7251390814781189,0.4717187285423279,0.359110027551651,0.5289648771286011,0.6940714120864868,0.4786428213119507,0.3619590401649475,0.5392755568027496,0.7066205739974976,0.4916146695613861,0.38027405738830566,0.5486365556716919,0.7096052467823029
uvrgcn,sub,all,True,True,0,2025-03-04 12:49:15.320311,0.9,6,6,0.03,0.001,200,0.5049559473991394,0.3960114121437073,0.5620675683021545,0.721611738204956,0.4697801172733307,0.35666802525520325,0.5304571986198425,0.6925790309906006,0.47555238008499146,0.35978837311267853,0.5371048748493195,0.7043142318725586,0.48736804723739624,0.37633971869945526,0.5462623834609985,0.7070953845977783
uvrgcn,sub,all,True,True,0,2025-03-04 14:26:09.568912,0.9,6,6,0.03,0.001,200,0.5051897764205933,0.39546874165534973,0.5623388886451721,0.7163207530975342,0.47109735012054443,0.35938137769699097,0.5269298553466797,0.6916294097900391,0.47533178329467773,0.3591100424528122,0.5352733731269836,0.7013973891735077,0.48814356327056885,0.37742505967617035,0.5446343719959259,0.7039750814437866
uvrgcn,sub,all,True,True,0,2025-03-04 16:24:40.712092,0.9,6,6,0.03,0.001,200,0.512830376625061,0.402794748544693,0.5727852582931519,0.7214760780334473,0.4760725796222687,0.36168771982192993,0.5402252078056335,0.6956993937492371,0.4820243716239929,0.36474020779132843,0.5478225648403168,0.7055352330207825,0.49445146322250366,0.38224123418331146,0.5565052330493927,0.7085877358913422
uvrgcn,sub,all,True,True,0,2025-03-04 17:35:12.967938,0.9,5,5,0.03,0.001,200,0.5067737102508545,0.39546874165534973,0.5646452307701111,0.7195767164230347,0.46640416979789734,0.3539547026157379,0.5243521928787231,0.6811830401420593,0.47410961985588074,0.3573463708162308,0.5364265441894531,0.6973273754119873,0.4865889549255371,0.3747117221355438,0.5444987118244171,0.700379878282547
uvrgcn,sub,all,True,True,0,2025-03-04 18:49:43.612768,0.9,5,5,0.03,0.001,200,0.5036042928695679,0.39438340067863464,0.561796247959137,0.716456413269043,0.4725016951560974,0.3618233799934387,0.526115894317627,0.6936643719673157,0.4756581783294678,0.3610093742609024,0.5345272123813629,0.7020757496356964,0.48805299401283264,0.3781033903360367,0.543956071138382,0.7050603926181793
uvrgcn,sub,all,True,True,0,2025-03-04 19:46:13.416931,0.9,5,5,0.03,0.001,200,0.509160578250885,0.39533308148384094,0.5742775797843933,0.7233754396438599,0.4686526358127594,0.3539547026157379,0.5270655751228333,0.6962420344352722,0.4764637351036072,0.3570072054862976,0.541649729013443,0.7066205739974976,0.4889066219329834,0.37464389204978943,0.5506715774536133,0.709808737039566
uvrgcn,sub,all,True,True,0,2025-03-04 20:49:04.146785,0.9,5,5,0.03,0.001,200,0.5023683309555054,0.3877357244491577,0.56695157289505,0.7197124361991882,0.4677372872829437,0.3519197106361389,0.5324922204017639,0.6931217312812805,0.4727362394332886,0.3523266911506653,0.5405643880367279,0.7034323811531067,0.48505282402038574,0.3698277175426483,0.549721896648407,0.7064170837402344
uvrgcn,sub,all,True,True,0,2025-03-04 21:55:55.685601,0.9,5,5,0.03,0.001,200,0.5106420516967773,0.40320175886154175,0.5661376118659973,0.7184914350509644,0.4698023200035095,0.35558271408081055,0.5257088541984558,0.6917650699615479,0.4777703285217285,0.3618233799934387,0.5371048748493195,0.702075719833374,0.49022218585014343,0.37939223647117615,0.5459232330322266,0.7051282525062561
uvrgcn,sub,all,True,True,0,2025-03-04 23:27:11.971077,0.9,5,5,0.03,0.001,200,0.5084401369094849,0.39940309524536133,0.56695157289505,0.7187627553939819,0.46666082739830017,0.3531407117843628,0.523809552192688,0.6898657083511353,0.4751768708229065,0.3588387072086334,0.5372405350208282,0.7009904086589813,0.4875504970550537,0.37627190351486206,0.545380562543869,0.7043142318725586
uvrgcn,sub,all,True,True,0,2025-03-09 15:38:09.474711,0.9,5,5,0.03,0.001,200,0.5069480538368225,0.3939764201641083,0.573327898979187,0.7250034213066101,0.47294673323631287,0.3601953685283661,0.5318138599395752,0.692307710647583,0.4774860739707947,0.3593135476112366,0.5427350699901581,0.7059422433376312,0.4899473786354065,0.3770858943462372,0.5525708794593811,0.7086555659770966
uvrgcn,sub,all,True,True,0,2025-03-09 16:20:53.084411,0.9,5,5,0.03,0.001,200,0.5050970315933228,0.390991747379303,0.5689865946769714,0.719848096370697,0.47020870447158813,0.35558271408081055,0.5307285785675049,0.6925790309906006,0.47490084171295166,0.3558540493249893,0.5409713685512543,0.7036359012126923,0.48765286803245544,0.37328723073005676,0.5498575866222382,0.7062135636806488
uvrgcn,sub,all,True,True,0,2025-03-09 17:41:40.913704,0.9,6,6,0.03,0.001,200,0.5077060461044312,0.3980464041233063,0.5641025900840759,0.7190340757369995,0.46963152289390564,0.35544702410697937,0.5281508564949036,0.6924433708190918,0.47625353932380676,0.3591100424528122,0.5364265441894531,0.7028897106647491,0.4886687994003296,0.3767467141151428,0.5461267232894897,0.7057387232780457
uvrgcn,sub,all,True,True,0,2025-03-09 18:39:31.885429,0.9,6,6,0.03,0.001,200,0.5092742443084717,0.39940309524536133,0.5676299333572388,0.7187627553939819,0.4690798819065094,0.35639670491218567,0.5265228748321533,0.6924433708190918,0.4772530794143677,0.36148419976234436,0.5383937358856201,0.7030932009220123,0.48917704820632935,0.3778999000787735,0.547076404094696,0.7056030631065369
uvrgcn,sub,all,True,True,0,2025-03-09 19:24:26.666294,0.9,6,6,0.03,0.001,200,0.5067768096923828,0.3920770585536957,0.5700719356536865,0.7245964407920837,0.4694629907608032,0.3523266911506653,0.5333062410354614,0.6925790309906006,0.4761883616447449,0.35565054416656494,0.5432098805904388,0.7058744132518768,0.488119900226593,0.3722018748521805,0.551689088344574,0.7085877358913422
uvrgcn,sub,all,True,True,0,2025-03-09 20:25:28.684714,0.9,6,6,0.03,0.001,200,0.5035764575004578,0.39451906085014343,0.561796247959137,0.7127934098243713,0.46678784489631653,0.355040043592453,0.5223172307014465,0.6878306865692139,0.47266483306884766,0.3570072054862976,0.5324243903160095,0.6973274052143097,0.48518216609954834,0.3747795522212982,0.5420567393302917,0.7003120481967926
uvrgcn,sub,all,True,True,0,2025-03-09 21:27:54.298167,0.9,6,6,0.03,0.001,200,0.5083261728286743,0.3965540826320648,0.5666802525520325,0.7225614190101624,0.4731931686401367,0.3578890264034271,0.5347985625267029,0.692307710647583,0.4784383177757263,0.3598562031984329,0.541988879442215,0.7047212421894073,0.4907596707344055,0.37722155451774597,0.5507394075393677,0.7074345648288727
uvrgcn,sub,all,True,True,0,2025-03-09 22:13:36.634549,0.9,7,7,0.03,0.001,200,0.5065780878067017,0.3935694098472595,0.5691222548484802,0.7224257588386536,0.46678802371025085,0.3523266911506653,0.5257088541984558,0.6925790309906006,0.474912166595459,0.35646453499794006,0.5383937358856201,0.7048569023609161,0.48668307065963745,0.3729480504989624,0.547415554523468,0.7075023949146271
uvrgcn,sub,all,True,True,0,2025-03-09 23:13:51.397095,0.9,7,7,0.03,0.001,200,0.5058292746543884,0.395061731338501,0.5642382502555847,0.7222900986671448,0.4706254303455353,0.3578890264034271,0.5309998989105225,0.688916027545929,0.47587162256240845,0.3588387072086334,0.539343386888504,0.7028897106647491,0.48822736740112305,0.37647537887096405,0.5476190745830536,0.7056030631065369
uvrgcn,sub,all,True,True,0,2025-03-10 00:18:08.345229,0.9,7,7,0.03,0.001,200,0.5095077157020569,0.3985890746116638,0.5673586130142212,0.7250034213066101,0.4717910587787628,0.3562610447406769,0.5324922204017639,0.6933930516242981,0.4783848226070404,0.3601953834295273,0.541310578584671,0.7062813937664032,0.49064940214157104,0.37742505967617035,0.5499254167079926,0.7091982364654541
uvrgcn,sub,all,True,True,0,2025-03-10 11:47:19.796420,0.9,7,7,0.03,0.001,200,0.5016229152679443,0.38827839493751526,0.5632885694503784,0.7193053960800171,0.4681285619735718,0.3532763719558716,0.5276082158088684,0.6921720504760742,0.47283345460891724,0.3540225327014923,0.5356803834438324,0.7026862502098083,0.48487573862075806,0.3707773834466934,0.5454483926296234,0.7057387232780457
uvrgcn,sub,all,True,True,0,2025-03-10 13:12:20.060569,0.9,7,7,0.03,0.001,200,0.509647011756897,0.40130242705345154,0.5683082342147827,0.7203907370567322,0.4740515947341919,0.36236605048179626,0.5343915820121765,0.6897300481796265,0.4781946539878845,0.3619590401649475,0.5407679080963135,0.7020078897476196,0.49184930324554443,0.3818342387676239,0.5513499081134796,0.7050603926181793
uvrgcn,sub,all,True,True,0,2025-03-11 21:00:15.415803,0.9,6,6,0.03,0.001,200,0.5097466111183167,0.4006240963935852,0.5672228932380676,0.7232397198677063,0.4707458019256592,0.3588387072086334,0.5285578966140747,0.6879664063453674,0.47778746485710144,0.3618233799934387,0.5392755568027496,0.7030254006385803,0.4902462065219879,0.3797314018011093,0.5478903949260712,0.7056030631065369
uvrgcn,sub,all,True,True,0,2025-03-11 21:51:28.095291,0.9,6,6,0.03,0.001,200,0.5071803331375122,0.3946547508239746,0.5695292353630066,0.721611738204956,0.4697544574737549,0.35544702410697937,0.530185878276825,0.6940714120864868,0.4753149747848511,0.3558540344238281,0.5415818989276886,0.7047212421894073,0.48846739530563354,0.375050887465477,0.5498575568199158,0.7078415751457214
uvrgcn,sub,all,True,True,0,2025-03-12 19:30:43.417319,0.9,6,6,0.03,0.001,200,0.5031057000160217,0.390720397233963,0.5630172491073608,0.7195767164230347,0.4666394591331482,0.35544702410697937,0.5194681882858276,0.6864740252494812,0.472705215215683,0.3561931997537613,0.5326957404613495,0.7005155682563782,0.48487257957458496,0.3730837106704712,0.5412427186965942,0.7030253708362579
uvrgcn,sub,all,True,True,0,2025-04-06 11:02:42.896969,0.9,7,7,0.03,0.001,200,0.052334584295749664,0.029575364664196968,0.05684439092874527,0.09808710217475891,0.04962566867470741,0.02876136265695095,0.05277438834309578,0.089268758893013,0.05079835653305054,0.02896486409008503,0.054605890065431595,0.09361009672284126,0.05098012834787369,0.02916836366057396,0.054809389635920525,0.09367793053388596
uvrgcn,sub,all,True,True,0,2025-05-28 10:41:35.063382,0.9,6,6,0.03,0.001,200,0.5041483044624329,0.39139872789382935,0.5677655935287476,0.7175417542457581,0.46623754501342773,0.3519197106361389,0.5243521928787231,0.6931217312812805,0.4735140800476074,0.35544703900814056,0.5369692146778107,0.7019400596618652,0.4851929247379303,0.37165921926498413,0.5460588932037354,0.7053317427635193
uvrgcn,sub,all,True,True,0,2025-05-28 12:28:19.677322,0.9,6,6,0.03,0.001,200,0.508838951587677,0.39723241329193115,0.5695292353630066,0.7213404178619385,0.4675193428993225,0.3531407117843628,0.5281508564949036,0.6902726888656616,0.4760059118270874,0.3578890264034271,0.5394112467765808,0.7025505602359772,0.48817914724349976,0.375186562538147,0.5488400459289551,0.7058065533638
uvrgcn,sub,all,True,True,0,2025-05-29 07:13:34.620532,0.9,6,6,0.03,0.001,200,0.505635142326355,0.39316239953041077,0.5666802525520325,0.7222900986671448,0.47095343470573425,0.35639670491218567,0.5361552238464355,0.6932573914527893,0.47628873586654663,0.3579568713903427,0.5417853891849518,0.7049247324466705,0.4882943034172058,0.3747795522212982,0.551417738199234,0.707773745059967
uvrgcn,sub,all,True,True,0,2025-05-29 22:20:17.118130,0.9,6,6,0.03,0.001,200,0.5135577321052551,0.4034730792045593,0.5726495981216431,0.7283951044082642,0.47409898042678833,0.3599240481853485,0.5375118851661682,0.6956993937492371,0.4804176390171051,0.36277303099632263,0.5463980734348297,0.7097409069538116,0.49382835626602173,0.3816985636949539,0.5550807416439056,0.7120472490787506
uvrgcn,sub,all,True,True,0,2025-05-30 01:42:32.577459,0.9,6,6,0.03,0.001,200,0.507222592830658,0.39628273248672485,0.5679012537002563,0.7195767164230347,0.47027328610420227,0.35775336623191833,0.5277438759803772,0.6944783926010132,0.47671234607696533,0.36033104360103607,0.5388685762882233,0.7039750814437866,0.4887479543685913,0.3770180493593216,0.5478225648403168,0.7070275545120239
uvrgcn,sub,all,True,True,0,2025-05-30 11:07:53.883369,0.9,6,6,0.03,0.001,200,0.5064820647239685,0.39723241329193115,0.5641025900840759,0.7186270952224731,0.4684949815273285,0.3558540344238281,0.526115894317627,0.6928504109382629,0.4749436378479004,0.35877087712287903,0.5364944040775299,0.7024827301502228,0.4874885082244873,0.37654322385787964,0.5451092422008514,0.705738753080368
uvrgcn,sub,all,True,True,0,2025-05-30 12:22:59.114018,0.9,6,6,0.03,0.001,200,0.5102578997612,0.40048840641975403,0.5685796141624451,0.722154438495636,0.46837368607521057,0.35653236508369446,0.5219101905822754,0.6955637335777283,0.476983904838562,0.36134853959083557,0.5356803834438324,0.7061457335948944,0.48931580781936646,0.37851038575172424,0.5452449023723602,0.7088590860366821
uvrgcn,sub,all,True,True,0,2025-05-30 16:01:42.859282,0.9,6,6,0.03,0.001,200,0.5050077438354492,0.39438340067863464,0.5600326061248779,0.7226970791816711,0.4660128951072693,0.35178402066230774,0.5223172307014465,0.6921720504760742,0.4731767177581787,0.3551757037639618,0.5338488817214966,0.7051960527896881,0.48551031947135925,0.3730837106704712,0.5411749184131622,0.7074345648288727
uvrgcn,sub,all,True,True,0,2025-05-30 17:26:33.670570,0.9,6,6,0.03,0.001,200,0.5086080431938171,0.4006240963935852,0.5645095705986023,0.7157780528068542,0.46833863854408264,0.35544702410697937,0.527879536151886,0.6872880458831787,0.4766606390476227,0.36168770492076874,0.5377832055091858,0.6987518668174744,0.4884733557701111,0.3780355602502823,0.5461945533752441,0.7015330493450165
uvrgcn,sub,all,True,True,1,2025-06-01 12:06:14.462228,0.9,7,7,0.03,0.001,200,0.5043520927429199,0.39329805970191956,0.5647808909416199,0.716456413269043,0.46891000866889954,0.3553113639354706,0.5292361974716187,0.6898657083511353,0.47408920526504517,0.3562610298395157,0.5383937358856201,0.7007190585136414,0.48663103580474854,0.37430471181869507,0.5470085442066193,0.7031610608100891
uvrgcn,sub,all,True,True,1,2025-06-01 14:24:15.342828,0.9,7,7,0.03,0.001,200,0.5071812868118286,0.3987247347831726,0.5643739104270935,0.716456413269043,0.47216057777404785,0.36060237884521484,0.5273368954658508,0.6872880458831787,0.4774906039237976,0.3622982054948807,0.5380545556545258,0.6987518966197968,0.48967093229293823,0.3796635568141937,0.5458554029464722,0.7018722295761108
uvrgcn,sub,all,True,True,1,2025-06-01 17:35:44.706238,0.9,7,7,0.03,0.001,200,0.5061532258987427,0.39533308148384094,0.5653235912322998,0.7175417542457581,0.4701923727989197,0.355040043592453,0.5327635407447815,0.6868810653686523,0.47631770372390747,0.3588387072086334,0.5409713983535767,0.7001085579395294,0.4881727993488312,0.375186562538147,0.5490435659885406,0.7022114098072052
uvrgcn,sub,all,True,True,1,2025-06-01 20:15:47.450403,0.9,7,7,0.03,0.001,200,0.5044243335723877,0.3918057382106781,0.5661376118659973,0.7199837565422058,0.4642246663570404,0.34974902868270874,0.523809552192688,0.688237726688385,0.47245892882347107,0.35442954301834106,0.5358160436153412,0.7016687393188477,0.48432451486587524,0.3707773834466934,0.5449735820293427,0.7041107416152954
uvrgcn,sub,all,True,True,1,2025-06-02 00:36:54.030375,0.9,7,7,0.03,0.001,200,0.5111390948295593,0.4025234282016754,0.5684438943862915,0.7199837565422058,0.4722653031349182,0.3589743673801422,0.5322209000587463,0.6935287117958069,0.4785045385360718,0.3618233650922775,0.5407679080963135,0.703771561384201,0.49170219898223877,0.3807488977909088,0.5503323972225189,0.7067562341690063
uvrgcn,sub,all,True,True,1,2025-06-02 22:46:33.891879,0.9,7,7,0.03,0.001,200,0.506615161895752,0.395061731338501,0.5653235912322998,0.7206620573997498,0.4737236499786377,0.3612807095050812,0.5354768633842468,0.6906797289848328,0.47759801149368286,0.3601953685283661,0.5415140688419342,0.7024827301502228,0.4901694059371948,0.3781712204217911,0.5504002273082733,0.7056708931922913
uvrgcn,sub,all,True,True,1,2025-06-03 10:00:29.536923,0.9,7,7,0.03,0.001,200,0.5074500441551208,0.3939764201641083,0.5704789161682129,0.7273097634315491,0.47427457571029663,0.35870304703712463,0.5400895476341248,0.6933930516242981,0.4783616065979004,0.3589065372943878,0.5455840528011322,0.7077059149742126,0.49086230993270874,0.37633973360061646,0.5552842319011688,0.7103514075279236
uvrgcn,sub,all,True,True,1,2025-06-03 12:32:33.983422,0.9,7,7,0.03,0.001,200,0.5064302086830139,0.39519742131233215,0.565866231918335,0.720526397228241,0.4664336144924164,0.35178402066230774,0.5277438759803772,0.6898657083511353,0.4750765562057495,0.3582960367202759,0.5375118851661682,0.7024149000644684,0.48643189668655396,0.37349072098731995,0.5468050539493561,0.7051960527896881
uvrgcn,sub,all,True,True,1,2025-06-03 16:05:18.793599,0.9,7,7,0.03,0.001,200,0.5056696534156799,0.3918057382106781,0.5689865946769714,0.7236467599868774,0.4711971879005432,0.3562610447406769,0.5322209000587463,0.6982770562171936,0.47626960277557373,0.3571428656578064,0.5406322181224823,0.7079772353172302,0.4884334206581116,0.3740333914756775,0.5506037473678589,0.7109619081020355
uvrgcn,sub,all,False,True,0,2026-02-24 20:01:22.286810,0.7,10,10,0.07,0.001,200,True,False,0.1,0.05,0.48080575466156006,0.3762040436267853,0.5341202020645142,0.6788766980171204,0.4445338845252991,0.3382173478603363,0.4951838552951813,0.6510649919509888,0.4506838321685791,0.3402523547410965,0.5062406957149506,0.662393182516098,0.46266981959342957,0.3572106957435608,0.5146520286798477,0.6649708449840546
uvrgcn,sub,all,True,True,0,2026-02-24 22:36:50.415428,0.7,7,7,0.07,0.001,200,False,True,0.1,0.05,0.5076350569725037,0.39411208033561707,0.5691222548484802,0.7270384430885315,0.47011834383010864,0.35544702410697937,0.5270655751228333,0.6929860711097717,0.4769323468208313,0.35856737196445465,0.5390720665454865,0.7069597244262695,0.48887670040130615,0.3747795522212982,0.5480939149856567,0.7100122570991516
uvrgcn,sub,all,False,True,0,2026-02-25 23:37:11.171247,0.7,10,10,0.07,0.001,200,True,True,0.1,0.05,0.4827178716659546,0.3757970631122589,0.5402252078056335,0.6862027049064636,0.44423744082450867,0.33672502636909485,0.4988468587398529,0.6559489965438843,0.4524267911911011,0.341134175658226,0.5117351859807968,0.668701708316803,0.4634776711463928,0.3562610447406769,0.5195360332727432,0.671075850725174
uvrgcn,sub,all,False,True,0,2026-03-03 18:24:28.452039,0.7,7,7,0.07,0.001,200,True,True,0.1,0.05,0.4895577132701874,0.3840727210044861,0.5461945533752441,0.6898657083511353,0.448410302400589,0.33984535932540894,0.5004748702049255,0.6613757014274597,0.45604097843170166,0.3433048576116562,0.5152625292539597,0.6726360321044922,0.4689840078353882,0.3619590401649475,0.5233347117900848,0.6756207048892975
uvrgcn,sub,all,False,True,0,2026-03-03 20:53:15.876711,0.7,10,10,0.07,0.001,200,True,True,0.1,0.05,0.4773898124694824,0.36833539605140686,0.535883903503418,0.6817256808280945,0.44136473536491394,0.3333333432674408,0.49871116876602173,0.6490300297737122,0.44783860445022583,0.3345543444156647,0.5090896934270859,0.6630715131759644,0.4593772888183594,0.35083436965942383,0.5172975361347198,0.6653778553009033
uvrgcn,sub,all,False,True,0,2026-03-04 17:26:07.472726,0.9,10,10,0.07,0.001,200,True,True,0.1,0.05,0.48879560828208923,0.3810880482196808,0.547958254814148,0.696377694606781,0.4503028392791748,0.3399810194969177,0.5071225166320801,0.664089024066925,0.45664823055267334,0.34167686104774475,0.5189255475997925,0.6773843467235565,0.4695492386817932,0.36053453385829926,0.527540385723114,0.680233359336853
uvrgcn,sub,all,False,True,0,2026-03-24 17:57:27.049338,0.9,10,10,0.07,0.001,200,False,0.1,0.001,0.4954831004142761,0.38746440410614014,0.5506715774536133,0.706688404083252,0.45449507236480713,0.34364402294158936,0.5125492215156555,0.672093391418457,0.4616445302963257,0.3459503501653671,0.5234025418758392,0.6857956945896149,0.4749890863895416,0.36555421352386475,0.5316103994846344,0.6893908977508545
uvrgcn,sub,all,True,True,0,2026-03-24 20:04:49.991436,0.9,7,7,0.07,0.001,200,False,0.1,0.001,0.5105212330818176,0.4006240963935852,0.5718355774879456,0.7237824201583862,0.4714386761188507,0.3589743673801422,0.5333062410354614,0.6924433708190918,0.4788740277290344,0.36338353157043457,0.5425315499305725,0.7045177221298218,0.49097996950149536,0.3797992318868637,0.5525709092617035,0.708112895488739
uvrgcn,sub,all,True,True,0,2026-04-08 10:59:05.669488,0.9,7,7,0.05,0.001,200,True,0.1,32,0.0005,0.5034123063087463,0.39248406887054443,0.5631529092788696,0.7178130745887756,0.46841707825660706,0.3558540344238281,0.527201235294342,0.690544068813324,0.47388869524002075,0.3573463708162308,0.5369692146778107,0.7015330791473389,0.4859147071838379,0.3741690516471863,0.5451770722866058,0.7041785717010498
uvrgcn,sub,all,True,True,0,2026-04-08 12:23:15.267835,0.9,7,7,0.05,0.001,200,True,0.1,32,0.0005,0.5080735087394714,0.39845341444015503,0.5681725740432739,0.7244607210159302,0.4724244177341461,0.35978835821151733,0.53127121925354,0.6919007301330566,0.4780152440071106,0.3618912100791931,0.5402252078056335,0.7053317427635193,0.49024897813796997,0.3791208863258362,0.549721896648407,0.7081807255744934
uvrgcn,sub,all,True,True,0,2026-04-08 13:56:56.408248,0.9,7,7,0.05,0.001,200,True,0.1,32,0.0005,0.5092490315437317,0.3995387554168701,0.569800615310669,0.7183557152748108,0.47422677278518677,0.36277303099632263,0.5327635407447815,0.6933930516242981,0.47836917638778687,0.3620268702507019,0.5417853891849518,0.7030254006385803,0.49173790216445923,0.3811558932065964,0.5512820780277252,0.7058743834495544
uvrgcn,sub,all,True,True,0,2026-04-23 09:55:59.557797,0.9,7,7,0.05,0.001,200,True,0.1,32,0.0005,0.5080658197402954,0.39926740527153015,0.5650522708892822,0.7145570516586304,0.47065863013267517,0.3569393754005432,0.5316781997680664,0.6894587278366089,0.4766199290752411,0.3598562031984329,0.5404965579509735,0.6996337175369263,0.4893622398376465,0.3781033903360367,0.5483652353286743,0.7020078897476196
uvrgcn,sub,all,True,True,0,2026-04-23 11:46:41.425099,0.9,7,7,0.05,0.001,200,True,0.1,32,0.0005,0.5071244835853577,0.39533308148384094,0.5691222548484802,0.7213404178619385,0.471061110496521,0.35938137769699097,0.5280151963233948,0.6912223696708679,0.4763999879360199,0.35951703786849976,0.5404965579509735,0.7032967507839203,0.48909279704093933,0.37735722959041595,0.5485687255859375,0.7062813937664032
uvrgcn,sub,all,True,True,0,2026-04-23 12:55:33.281080,0.9,7,7,0.05,0.001,200,True,0.1,32,0.0005,0.507799506187439,0.39424774050712585,0.5707502365112305,0.7229683995246887,0.47029829025268555,0.3528693616390228,0.5324922204017639,0.6981413960456848,0.47692522406578064,0.3570072054862976,0.5432777404785156,0.7080450654029846,0.48904889822006226,0.37355855107307434,0.5516212284564972,0.7105548977851868
uvrgcn,sub,all,True,True,0,2026-04-23 14:04:33.601024,0.9,7,7,0.05,0.001,200,True,0.1,32,0.0005,0.5136391520500183,0.40428709983825684,0.5740062594413757,0.7264957427978516,0.4753488600254059,0.36372271180152893,0.5303215384483337,0.6966490745544434,0.48237380385398865,0.3667752146720886,0.543956071138382,0.7088590860366821,0.4944940209388733,0.3840049058198929,0.5521638989448547,0.7115724086761475
uvrgcn,sub,all,True,True,0,2026-04-23 16:27:02.577902,0.7,7,7,0.05,0.001,200,True,0.1,32,0.0005,0.5077856779098511,0.39750373363494873,0.5662732720375061,0.722154438495636,0.470907986164093,0.35870304703712463,0.5240808725357056,0.6921720504760742,0.47689875960350037,0.36039887368679047,0.5361551940441132,0.7039750516414642,0.48934683203697205,0.3781033903360367,0.5451770722866058,0.7071632444858551
uvrgcn,sub,all,True,True,0,2026-04-24 12:38:14.538266,0.7,7,7,0.05,0.001,200,True,0.1,32,0.0005,0.5082486271858215,0.3969610631465912,0.5679012537002563,0.7213404178619385,0.4702460467815399,0.3562610447406769,0.527879536151886,0.6862027049064636,0.4769415557384491,0.35978837311267853,0.5388007164001465,0.7011260390281677,0.48924732208251953,0.37661105394363403,0.5478903949260712,0.703771561384201
uvrgcn,sub,all,True,True,True,0.1,5,0,2026-05-04 11:38:56.029466,0.7,7,7,0.03,0.001,200,0.507634162902832,0.39709675312042236,0.5699362754821777,0.718220055103302,0.4737527370452881,0.35870304703712463,0.5338488817214966,0.6956993937492371,0.47770875692367554,0.35938137769699097,0.5421245694160461,0.7040428817272186,0.49069344997406006,0.3778999000787735,0.5518925786018372,0.7069597244262695
uvrgcn,sub,all,True,True,True,0.1,5,0,2026-05-04 12:40:40.070586,0.7,7,7,0.03,0.001,200,0.516452968120575,0.40428709983825684,0.5779405832290649,0.7312440872192383,0.47341519594192505,0.3559896945953369,0.5362908840179443,0.7046533823013306,0.4817393720149994,0.36155202984809875,0.5478225946426392,0.7152354121208191,0.49493408203125,0.3801383972167969,0.5571157336235046,0.7179487347602844
uvrgcn,sub,all,True,True,True,0.2,5,0,2026-05-04 14:46:55.371389,0.7,7,7,0.03,0.001,200,0.5099385380744934,0.40130242705345154,0.565866231918335,0.7183557152748108,0.47146129608154297,0.3561253547668457,0.5297788977622986,0.6974630355834961,0.47817590832710266,0.3610093742609024,0.5403608679771423,0.7051960527896881,0.4906999170780182,0.3787138909101486,0.5478225648403168,0.7079093754291534
uvrgcn,sub,all,True,True,True,0.3,5,0,2026-05-04 16:12:36.477824,0.7,7,7,0.03,0.001,200,0.5061789155006409,0.3969610631465912,0.5623388886451721,0.7176774144172668,0.4650993347167969,0.3553113639354706,0.5185185074806213,0.6874237060546875,0.47250011563301086,0.35646453499794006,0.532220870256424,0.6988197267055511,0.48563912510871887,0.3761362135410309,0.5404286980628967,0.7025505602359772
uvrgcn,sub,all,True,True,True,0.08,5,0,2026-05-04 17:02:22.833370,0.7,7,7,0.03,0.001,200,0.5081146359443665,0.3938407301902771,0.5726495981216431,0.7188984155654907,0.46795397996902466,0.35354769229888916,0.5269298553466797,0.6935287117958069,0.4754437804222107,0.3561931997537613,0.5402930378913879,0.7035680711269379,0.48803430795669556,0.37369421124458313,0.5497897267341614,0.7062135636806488
uvrgcn,sub,all,True,True,True,0.15,5,0,2026-05-04 19:00:54.592420,0.7,7,7,0.03,0.001,200,0.5099373459815979,0.39913174510002136,0.569257915019989,0.7251390814781189,0.47502750158309937,0.3610093593597412,0.5352055430412292,0.7001764178276062,0.47941675782203674,0.3611450344324112,0.5433455407619476,0.7096730470657349,0.49248242378234863,0.3800705522298813,0.5522317290306091,0.7126577496528625
uvrgcn,sub,all,True,True,True,True,True,True,True,"1,2,3,4",0.1,5,0,2026-05-11 07:46:24.799437,0.7,7,7,0.03,0.001,200,0.4414445757865906,0.331162691116333,0.4889431595802307,0.6611043810844421,0.4049994647502899,0.28829196095466614,0.45882514119148254,0.6343780159950256,0.4156343936920166,0.299552321434021,0.4681183099746704,0.6452991664409637,0.42322200536727905,0.3097273260354996,0.47388415038585663,0.6477411985397339
uvrgcn,sub,all,True,True,True,True,True,False,True,"1,2,4",0.1,5,0,2026-05-11 08:44:28.312873,0.7,7,7,0.03,0.001,200,0.5089805126190186,0.3966897428035736,0.5679012537002563,0.730294406414032,0.46628186106681824,0.34771403670310974,0.5299145579338074,0.6966490745544434,0.47593414783477783,0.3558540344238281,0.5388007462024689,0.7099443972110748,0.4876312017440796,0.3722018897533417,0.5489079058170319,0.7134717404842377
uvrgcn,sub,all,True,True,True,True,True,True,True,"1,2,3,4",0.1,5,0,2026-05-11 10:09:31.153508,0.7,7,7,0.03,0.001,200,0.5094669461250305,0.4008954167366028,0.5679012537002563,0.7171347141265869,0.4691372215747833,0.357075035572052,0.5244878530502319,0.6919007301330566,0.47657015919685364,0.3608737140893936,0.5367657244205475,0.7016687095165253,0.4893020987510681,0.3789852261543274,0.5461945533752441,0.7045177221298218
uvrgcn,sub,all,True,True,True,True,True,True,True,"1,2,3,4",0.2,5,0,2026-05-11 11:40:40.250695,0.7,7,7,0.03,0.001,200,0.5082473158836365,0.39940309524536133,0.5683082342147827,0.7148284316062927,0.4703170359134674,0.35761770606040955,0.5293718576431274,0.685931384563446,0.4766995310783386,0.3608058840036392,0.5386650562286377,0.6976665556430817,0.48928219079971313,0.37851040065288544,0.5488400459289551,0.7003799080848694
uvrgcn,sub,all,True,True,True,True,True,True,True,"1,2,3,4",0.1,5,0,2026-05-11 12:57:36.437700,0.7,7,7,0.03,0.001,200,0.5102808475494385,0.3976394236087799,0.5737349390983582,0.7251390814781189,0.47355011105537415,0.3599240481853485,0.5319495797157288,0.7008547186851501,0.47935763001441956,0.360805869102478,0.5437525510787964,0.7100122272968292,0.4919154644012451,0.3787817358970642,0.5528422594070435,0.7129969000816345
uvrgcn,sub,all,True,True,True,False,True,True,True,"2,3,4",0.1,5,0,2026-05-11 17:33:29.926344,0.7,7,7,0.03,0.001,200,0.5077446699142456,0.39736807346343994,0.5664089322090149,0.7186270952224731,0.47063618898391724,0.3578890264034271,0.5296432375907898,0.6910867094993591,0.4763425290584564,0.35951703786849976,0.5394790768623352,0.7021435797214508,0.4891904294490814,0.37762854993343353,0.5480260848999023,0.7048569023609161
uvrgcn,sub,all,True,True,True,True,False,True,True,"1,3,4",0.1,5,0,2026-05-11 18:39:23.405497,0.7,7,7,0.03,0.001,200,0.5084344744682312,0.39845341444015503,0.5662732720375061,0.7210690975189209,0.4704126715660095,0.35653236508369446,0.527201235294342,0.6962420344352722,0.4766976237297058,0.3591778725385666,0.5384615659713745,0.7055352330207825,0.48942357301712036,0.37749288976192474,0.5467372536659241,0.7086555659770966
uvrgcn,sub,all,True,True,True,True,True,False,True,"1,2,4",0.1,5,0,2026-05-11 19:50:02.186429,0.7,7,7,0.03,0.001,200,0.5107383728027344,0.4015737473964691,0.569800615310669,0.7195767164230347,0.4707881212234497,0.3599240481853485,0.5267941951751709,0.6898657083511353,0.47765088081359863,0.36161987483501434,0.5398182272911072,0.7018722295761108,0.49076324701309204,0.3807488977909088,0.5482974052429199,0.704721212387085
uvrgcn,sub,all,True,True,True,True,True,True,False,"1,2,3",0.1,5,0,2026-05-11 20:53:44.175926,0.7,7,7,0.03,0.001,200,0.5144304633140564,0.40496543049812317,0.5702075958251953,0.726224422454834,0.47425422072410583,0.36155202984809875,0.5308642387390137,0.6981413960456848,0.4813806414604187,0.365147203207016,0.5413784086704254,0.7091304063796997,0.4943423271179199,0.38325873017311096,0.5505359172821045,0.7121829092502594
uvrgcn,sub,all,True,True,True,True,True,True,True,"1,2,3,4",0.1,5,0,2026-05-11 22:05:28.808769,0.9,7,7,0.03,0.001,200,0.5060936212539673,0.39411208033561707,0.5632885694503784,0.7229683995246887,0.4665102958679199,0.35056301951408386,0.5267941951751709,0.6950210332870483,0.4737255871295929,0.35463303327560425,0.5365622341632843,0.7058744132518768,0.4863019585609436,0.37233754992485046,0.5450413823127747,0.7089947164058685
uvrgcn,sub,all,True,True,True,True,True,True,True,"1,2,3,4",0.1,5,0,2026-05-12 07:25:28.842788,0.7,7,7,0.03,0.001,200,0.5087072253227234,0.39845341444015503,0.5643739104270935,0.7264957427978516,0.46838608384132385,0.35368335247039795,0.5236738920211792,0.6931217312812805,0.4759514331817627,0.3581603765487671,0.5349342226982117,0.7064848840236664,0.4885466694831848,0.3760683834552765,0.5440239012241364,0.709808737039566
uvrgcn,sub,all,True,True,True,True,True,True,True,"1,2,3,4",0.1,5,0,2026-05-12 08:17:52.682135,0.7,7,7,0.03,0.001,200,0.5069516897201538,0.39709675312042236,0.5662732720375061,0.7206620573997498,0.4678361117839813,0.3509700298309326,0.5282865762710571,0.6928504109382629,0.4745582342147827,0.35571837425231934,0.537579745054245,0.7044498920440674,0.48739391565322876,0.3740333914756775,0.5472799241542816,0.7067562341690063
uvrgcn,sub,all,True,True,True,True,True,True,True,"1,2,3,4",0.2,5,0,2026-05-12 09:14:08.532583,0.7,7,7,0.03,0.001,200,0.5105302333831787,0.40008142590522766,0.5685796141624451,0.7247321009635925,0.47141334414482117,0.36155202984809875,0.5243521928787231,0.6908153891563416,0.47790297865867615,0.3618233799934387,0.5364265739917755,0.7056030631065369,0.49097180366516113,0.3808167278766632,0.5464659035205841,0.707773745059967
uvrgcn,sub,all,True,True,True,True,True,True,True,"1,2,3,4",0.2,5,0,2026-05-12 10:50:25.862207,0.7,7,7,0.03,0.001,200,0.5050455331802368,0.38949939608573914,0.5696648955345154,0.7277167439460754,0.46756452322006226,0.3500203490257263,0.527879536151886,0.6962420344352722,0.4744967222213745,0.35354770720005035,0.539614737033844,0.7096052467823029,0.48630502820014954,0.3697598725557327,0.5487722158432007,0.7119793891906738
uvrgcn,sub,all,True,True,True,True,True,True,True,"1,2,3,4",0.1,5,0,2026-05-12 11:32:50.928241,0.7,7,7,0.03,0.001,200,0.5124475955963135,0.40198075771331787,0.571564257144928,0.7286664247512817,0.4685235917568207,0.3489350378513336,0.5326278805732727,0.6982770562171936,0.47838807106018066,0.3590422123670578,0.5432777106761932,0.7111653983592987,0.49048560857772827,0.37545789778232574,0.5520960688591003,0.7134717404842377
uvrgcn,sub,all,True,True,True,True,True,True,True,"1,2,3,4",0.2,5,0,2026-05-16 18:56:30.050573,0.7,7,7,0.03,0.001,200,0.5117672085762024,0.4014380872249603,0.5688509345054626,0.7252747416496277,0.4675414264202118,0.35273370146751404,0.5276082158088684,0.694614052772522,0.4773971438407898,0.35978837311267853,0.5398182272911072,0.7071632444858551,0.4896543025970459,0.3770858943462372,0.5482295751571655,0.7099443972110748
uvrgcn,sub,all,True,True,True,True,True,True,True,"1,2,3,4",0.2,5,0,2026-05-16 20:08:32.049725,0.7,7,7,0.03,0.001,200,0.5148332715034485,0.4046940803527832,0.5729209184646606,0.7273097634315491,0.4696730971336365,0.3540903627872467,0.5267941951751709,0.7022113800048828,0.4802701473236084,0.3627730458974838,0.5401574075222015,0.7116402089595795,0.4922531843185425,0.37939222157001495,0.5498575568199158,0.7147605717182159
uvrgcn,sub,all,True,True,True,True,True,True,True,"1,2,3,4",0.1,5,0,2026-05-17 07:52:05.354177,0.7,7,7,0.03,0.001,200,0.5105030536651611,0.3976394236087799,0.5704789161682129,0.7294804453849792,0.4717999994754791,0.3521910309791565,0.5377832055091858,0.7024827003479004,0.47841015458106995,0.3572106957435608,0.5457197427749634,0.7132682204246521,0.49115151166915894,0.3749152272939682,0.5541310608386993,0.7159815728664398
uvrgcn,sub,all,True,True,True,0.1,0.3,5,0,2026-05-17 19:38:03.945909,0.7,7,7,0.03,0.001,200,0.5108112096786499,0.3998100757598877,0.5681725740432739,0.7277167439460754,0.4765052795410156,0.3650793731212616,0.5315425395965576,0.6981413960456848,0.48107463121414185,0.36446888744831085,0.5415140688419342,0.7102835476398468,0.49365824460983276,0.38244472444057465,0.5498575568199158,0.7129290699958801
uvrgcn,sub,all,True,True,0,2026-06-11 08:03:49.247491,0.7,10,10,0.07,0.001,200,True,0.1,32,0.0001,0.5092206597328186,0.3988604247570038,0.569800615310669,0.7225614190101624,0.47106125950813293,0.35449737310409546,0.5343915820121765,0.6961063742637634,0.47749388217926025,0.35856737196445465,0.5430063903331757,0.706688404083252,0.49014097452163696,0.3766788989305496,0.5520960986614227,0.7093338966369629
uvrgcn,sub,all,True,True,0,2026-06-11 09:21:17.980419,0.7,10,10,0.07,0.001,200,True,0.05,32,0.0001,0.5048893094062805,0.393026739358902,0.5654592514038086,0.7231040596961975,0.4675430655479431,0.3530050218105316,0.5273368954658508,0.6910867094993591,0.47383037209510803,0.35537920892238617,0.5367657244205475,0.7045177519321442,0.4862161874771118,0.3730158805847168,0.5463980734348297,0.7070953845977783
uvrgcn,sub,all,True,True,0,2026-06-11 10:45:30.855364,0.7,7,7,0.07,0.001,200,True,0.1,32,0.0005,0.5084571242332458,0.3957400619983673,0.5696648955345154,0.7201194167137146,0.4729424715042114,0.3581603765487671,0.5333062410354614,0.6975986957550049,0.47853660583496094,0.3598562031984329,0.5430063903331757,0.7060100436210632,0.49069979786872864,0.3769502192735672,0.5514855682849884,0.7088590562343597
uvrgcn,sub,all,True,True,0,2026-06-11 12:51:33.929662,0.7,10,10,0.07,0.001,200,True,0.1,32,0.0005,0.5126950144767761,0.40496543049812317,0.5704789161682129,0.7183557152748108,0.476811945438385,0.36535072326660156,0.5354768633842468,0.6943427324295044,0.4823419153690338,0.3677927255630493,0.5442273914813995,0.7031610608100891,0.49475347995758057,0.38515807688236237,0.5529778897762299,0.7063492238521576
uvrgcn,sub,all,True,True,0,2026-06-11 14:56:44.902574,0.7,10,10,0.07,0.001,200,True,0.1,32,0.0005,0.50743168592453,0.39736807346343994,0.5654592514038086,0.721611738204956,0.4682321846485138,0.3551757037639618,0.5273368954658508,0.6872880458831787,0.47524580359458923,0.3582960367202759,0.5368335545063019,0.7022792100906372,0.4878319501876831,0.37627188861370087,0.5463980734348297,0.7044498920440674
uvrgcn,sub,all,True,True,True,0.1,0.3,5,0,2026-06-12 11:58:17.398463,0.7,7,7,0.03,0.001,200,0.5159185528755188,0.40320175886154175,0.5829602479934692,0.7228327393531799,0.4764149487018585,0.3633157014846802,0.5361552238464355,0.6887803673744202,0.48338741064071655,0.3648758679628372,0.5501289069652557,0.7029575705528259,0.49616676568984985,0.38325873017311096,0.5595577359199524,0.7058065533638
uvrgcn,sub,all,True,True,True,0.2,0.3,5,0,2026-06-12 12:55:52.498849,0.7,7,7,0.03,0.001,200,0.5137305855751038,0.4038800895214081,0.5684438943862915,0.7281237244606018,0.47387686371803284,0.35938137769699097,0.5309998989105225,0.7009903788566589,0.48007863759994507,0.3619590401649475,0.5404965579509735,0.7113010585308075,0.4938037395477295,0.3816307336091995,0.549721896648407,0.7145570516586304
uvrgcn,sub,all,True,True,0,2026-06-12 14:30:04.544755,0.7,7,7,0.07,0.001,200,True,0.1,32,0.0005,0.4816223680973053,0.36765703558921814,0.5400895476341248,0.7008547186851501,0.4489809572696686,0.33279067277908325,0.5078008770942688,0.6757563948631287,0.4542485475540161,0.3350291848182678,0.5158730149269104,0.6852530539035797,0.46530166268348694,0.3502238541841507,0.5239452123641968,0.6883055567741394
uvrgcn,sub,all,True,True,True,0,2026-06-12 15:21:08.892847,0.7,7,7,0.07,0.001,200,0.1,32,0.5066463947296143,0.39329805970191956,0.5695292353630066,0.7288020849227905,0.46629995107650757,0.34947770833969116,0.5262515544891357,0.6940714120864868,0.4739980399608612,0.3542260378599167,0.5369692146778107,0.7092660665512085,0.4864731729030609,0.37138788402080536,0.5478903949260712,0.7114367485046387
uvrgcn,sub,all,True,True,True,0.1,0.3,5,True,50.0,1.0,0,2026-06-12 23:11:06.832657,0.7,7,7,0.03,0.001,200,0.5113573670387268,0.3987247347831726,0.5730565786361694,0.7271741032600403,0.4742530584335327,0.3612807095050812,0.530185878276825,0.702075719833374,0.48026061058044434,0.3622303754091263,0.5427350699901581,0.7117758989334106,0.49280521273612976,0.3800027221441269,0.5516212284564972,0.7146249115467072
uvrgcn,sub,all,True,True,True,0.3,0.7,10,0,2026-06-13 12:04:45.913827,0.7,7,7,0.03,0.001,200,0.5115472674369812,0.40225207805633545,0.5688509345054626,0.7269027233123779,0.47322383522987366,0.36263737082481384,0.5273368954658508,0.6955637335777283,0.479208767414093,0.36345137655735016,0.5407000482082367,0.7075702250003815,0.4923855662345886,0.38244472444057465,0.5480939149856567,0.7112332284450531
uvrgcn,sub,all,True,True,True,0.0,0.3,5,0,2026-06-13 12:56:40.558579,0.7,7,7,0.03,0.001,200,0.511303186416626,0.40238773822784424,0.5689865946769714,0.7213404178619385,0.4698750376701355,0.35476869344711304,0.5297788977622986,0.6921720504760742,0.47785162925720215,0.36033104360103607,0.5406322181224823,0.7047212421894073,0.49058911204338074,0.37857821583747864,0.549382746219635,0.7067562341690063
uvrgcn,sub,all,True,True,True,0.3,0.0,5,0,2026-06-13 13:44:17.716655,0.7,7,7,0.03,0.001,200,0.5062433481216431,0.393026739358902,0.5661376118659973,0.7236467599868774,0.47438183426856995,0.35938137769699097,0.535883903503418,0.6966490745544434,0.4776381850242615,0.35877087712287903,0.5413105487823486,0.707773745059967,0.4903125762939453,0.37620405852794647,0.5510107576847076,0.7101479172706604
uvrgcn,sub,all,True,True,True,0.05,0.3,5,0,2026-06-13 14:40:20.754748,0.7,7,7,0.03,0.001,200,0.5087181329727173,0.3958757519721985,0.5672228932380676,0.7251390814781189,0.47126874327659607,0.35761770606040955,0.5274725556373596,0.6956993937492371,0.4779532551765442,0.36033104360103607,0.539343386888504,0.7071632444858551,0.48999345302581787,0.376746729016304,0.5473477244377136,0.710419237613678
uvrgcn,sub,all,True,True,True,0.3,0.3,10,0,2026-06-13 17:09:49.301535,0.7,7,7,0.03,0.001,200,0.5104488730430603,0.39750373363494873,0.5727852582931519,0.7237824201583862,0.4723171591758728,0.3572106957435608,0.5320852398872375,0.6985483765602112,0.4791765809059143,0.3603310286998749,0.5428029000759125,0.7072989046573639,0.49138301610946655,0.37735721468925476,0.5524352490901947,0.7111653983592987
uvrgcn,sub,all,True,True,0,2026-06-14 09:32:42.653666,0.7,7,7,0.07,0.001,200,0.5150114893913269,0.4065934121608734,0.5742775797843933,0.7199837565422058,0.47478580474853516,0.36250171065330505,0.5345272421836853,0.6909510493278503,0.48220205307006836,0.36670738458633423,0.5449735820293427,0.7032288908958435,0.49489864706993103,0.38454756140708923,0.5544024109840393,0.7054674029350281
uvrgcn,sub,all,True,True,True,0.0,0.3,10,0,2026-06-14 10:46:08.231715,0.7,7,7,0.03,0.001,200,0.5117312669754028,0.4018450975418091,0.5719712376594543,0.722154438495636,0.4721595048904419,0.3580247163772583,0.5315425395965576,0.6932573914527893,0.4790053963661194,0.36175553500652313,0.5423958897590637,0.704382061958313,0.49194538593292236,0.3799349069595337,0.551756888628006,0.7077059149742126
uvrgcn,sub,all,True,True,True,0.3,0.3,10,0,2026-06-14 12:04:40.564014,0.7,7,7,0.03,0.001,200,0.5080887675285339,0.3960114121437073,0.5672228932380676,0.7217473983764648,0.4692925214767456,0.3532763719558716,0.5316781997680664,0.6928504109382629,0.47640958428382874,0.35782119631767273,0.5403608977794647,0.7039072215557098,0.48869064450263977,0.37464389204978943,0.549450546503067,0.7072989046573639
uvrgcn,sub,all,True,True,True,0.3,0.3,10,0,2026-06-29 10:32:47.446044,0.9,7,7,0.03,0.001,200,0.5138068199157715,0.4025234282016754,0.5742775797843933,0.7263600826263428,0.47451233863830566,0.3608736991882324,0.535883903503418,0.6921720504760742,0.4819161891937256,0.36474020779132843,0.5457875728607178,0.7067562341690063,0.4941595792770386,0.3816985636949539,0.5550807416439056,0.7092660665512085
uvrgcn,sub,all,True,True,True,0.5,0.3,10,0,2026-06-29 11:30:36.995531,0.9,7,7,0.03,0.001,200,0.5083523392677307,0.39818206429481506,0.5681725740432739,0.718220055103302,0.46948546171188354,0.3561253547668457,0.5240808725357056,0.6909510493278503,0.4769046902656555,0.36039887368679047,0.5388685762882233,0.7016008794307709,0.48891890048980713,0.3771537095308304,0.5461267232894897,0.7045855522155762
uvrgcn,sub,all,True,True,True,0.3,0.5,10,0,2026-06-29 12:46:49.459489,0.9,7,7,0.03,0.001,200,0.5123672485351562,0.40021708607673645,0.5710216164588928,0.7252747416496277,0.4685041904449463,0.35341203212738037,0.527879536151886,0.6967847347259521,0.47733640670776367,0.3579568713903427,0.5411070585250854,0.708112895488739,0.49043571949005127,0.3768145591020584,0.5494505763053894,0.7110297381877899
uvrgcn,sub,all,True,True,True,0.1,0.5,10,0,2026-06-29 13:39:22.724867,0.9,7,7,0.03,0.001,200,0.510115921497345,0.3998100757598877,0.5687152743339539,0.7269027233123779,0.4735761284828186,0.3589743673801422,0.534255862236023,0.6961063742637634,0.4794532060623169,0.36236603558063507,0.5422602295875549,0.7079772353172302,0.4918460249900818,0.37939222157001495,0.5514855682849884,0.7115045487880707
uvrgcn,sub,all,True,True,True,0.1,0.3,10,0,2026-06-29 14:44:19.236110,0.9,7,7,0.03,0.001,200,0.508851945400238,0.39329805970191956,0.5768552422523499,0.7312440872192383,0.46707630157470703,0.3471713662147522,0.529507577419281,0.7011260390281677,0.47610658407211304,0.3542938679456711,0.5438882410526276,0.714150071144104,0.48796412348747253,0.3702347129583359,0.5531814098358154,0.716185063123703
uvrgcn,sub,all,True,True,True,0.1,0.1,10,0,2026-06-29 16:03:17.110888,0.9,7,7,0.03,0.001,200,0.5104721188545227,0.3998100757598877,0.5693935751914978,0.7217473983764648,0.4698457419872284,0.35571837425231934,0.5282865762710571,0.6988196969032288,0.47767961025238037,0.3600597083568573,0.5391398966312408,0.7070275545120239,0.49015891551971436,0.3777642250061035,0.5488400757312775,0.7102835476398468
uvrgcn,sub,all,True,True,True,0.3,0.1,10,0,2026-06-29 17:07:40.798078,0.9,7,7,0.03,0.001,200,0.5080298185348511,0.39533308148384094,0.5684438943862915,0.7269027233123779,0.4705365300178528,0.3549043536186218,0.527879536151886,0.69868403673172,0.47734367847442627,0.3589065372943878,0.5398860573768616,0.7096730470657349,0.48928317427635193,0.3751187175512314,0.5481617152690887,0.712793380022049
uvrgcn,sub,all,True,True,True,0.3,0.3,5,0,2026-06-29 18:24:56.585789,0.9,7,7,0.03,0.001,200,0.5099920630455017,0.3996744155883789,0.56695157289505,0.7233754396438599,0.4767017960548401,0.3642653822898865,0.5326278805732727,0.696377694606781,0.4806656241416931,0.3641975373029709,0.5408357381820679,0.7077058851718903,0.4933469295501709,0.3819698989391327,0.5497897267341614,0.7098765671253204
